sku,filename,type,name,set,price,date_added_to_ebay,notes
CHELLA-GRADED-IMG619,img619.jpg,graded,Bagon Delta #58/113 - CGC 9.5,EX Delta Species,90,2026-05-16 20:55:40,Rebuilt from current inventory.csv; excluded first 4 ARS slabs per user request
CHELLA-SEALED-PO-BB,po-bb.jpg,sealed,Perfect Order - Sealed Booster Box,Perfect Order,210,2026-05-16 20:55:40,Rebuilt from current inventory.csv; excluded first 4 ARS slabs per user request
CHELLA-SEALED-JUNGLE-PACK,jungle-pack.jpg,sealed,Jungle Unlimited Booster Pack,Jungle Set,250,2026-05-16 20:55:40,Rebuilt from current inventory.csv; excluded first 4 ARS slabs per user request
CHELLA-SINGLE-SINGLES-0337,singles_0337.jpg,single,Electrode #37 - Reverse Holo - Moderately Played,Stormfront,2,2026-05-16 20:55:40,Rebuilt from current inventory.csv; excluded first 4 ARS slabs per user request
CHELLA-SINGLE-SINGLES-0339,singles_0339.jpg,single,Electrode #36 - Reverse Holo - Moderately Played,Stormfront,1,2026-05-16 20:55:40,Rebuilt from current inventory.csv; excluded first 4 ARS slabs per user request
CHELLA-SINGLE-SINGLES-0341,singles_0341.jpg,single,Voltorb #83 - Reverse Holo - Lightly Played,HS—Triumphant,2,2026-05-16 20:55:40,Rebuilt from current inventory.csv; excluded first 4 ARS slabs per user request
CHELLA-SINGLE-SINGLES-0343,singles_0343.jpg,single,Flaaffy #48 - Reverse Holo - Lightly Played,Platinum,2,2026-05-16 20:55:40,Rebuilt from current inventory.csv; excluded first 4 ARS slabs per user request
CHELLA-SINGLE-SINGLES-0345,singles_0345.jpg,single,Rapidash #47 - Reverse Holo - Heavily Played,Arceus,1,2026-05-16 20:55:40,Rebuilt from current inventory.csv; excluded first 4 ARS slabs per user request
CHELLA-SINGLE-SINGLES-0347,singles_0347.jpg,single,Infernape #5 - Reverse Holo - Heavily Played,Diamond & Pearl,2,2026-05-16 20:55:40,Rebuilt from current inventory.csv; excluded first 4 ARS slabs per user request
CHELLA-SINGLE-SINGLES-0349,singles_0349.jpg,single,Chimchar #56 - Reverse Holo - Heavily Played,Majestic Dawn,1,2026-05-16 20:55:40,Rebuilt from current inventory.csv; excluded first 4 ARS slabs per user request
CHELLA-SINGLE-SINGLES-0351,singles_0351.jpg,single,Toxicroak #36 - Reverse Holo - Moderately Played,Mysterious Treasures,2,2026-05-16 20:55:40,Rebuilt from current inventory.csv; excluded first 4 ARS slabs per user request
CHELLA-SINGLE-SINGLES-0353,singles_0353.jpg,single,Grimer #75 - Reverse Holo - Heavily Played,Platinum,1,2026-05-16 20:55:40,Rebuilt from current inventory.csv; excluded first 4 ARS slabs per user request
CHELLA-SINGLE-SINGLES-0355,singles_0355.jpg,single,Drowzee #65 - Reverse Holo - Moderately Played,Great Encounters,1,2026-05-16 20:55:40,Rebuilt from current inventory.csv; excluded first 4 ARS slabs per user request
CHELLA-SINGLE-SINGLES-0357,singles_0357.jpg,single,Shuppet #110 - Reverse Holo - Heavily Played,Secret Wonders,1,2026-05-16 20:55:40,Rebuilt from current inventory.csv; excluded first 4 ARS slabs per user request
CHELLA-SINGLE-SINGLES-0359,singles_0359.jpg,single,Chimecho #22 - Reverse Holo - Moderately Played,Mysterious Treasures,1,2026-05-16 20:55:40,Rebuilt from current inventory.csv; excluded first 4 ARS slabs per user request
CHELLA-SINGLE-SINGLES-0361,singles_0361.jpg,single,Chimecho #22 - Reverse Holo - Moderately Played,Mysterious Treasures,1,2026-05-16 20:55:40,Rebuilt from current inventory.csv; excluded first 4 ARS slabs per user request
CHELLA-SINGLE-SINGLES-0363,singles_0363.jpg,single,Mime Jr. #90 - Reverse Holo - Moderately Played,Diamond & Pearl,1,2026-05-16 20:55:40,Rebuilt from current inventory.csv; excluded first 4 ARS slabs per user request
CHELLA-SINGLE-SINGLES-0365,singles_0365.jpg,single,Riolu #60 - Reverse Holo - Moderately Played,HS—Unleashed,12,2026-05-16 20:55:40,Rebuilt from current inventory.csv; excluded first 4 ARS slabs per user request
CHELLA-SINGLE-SINGLES-0367,singles_0367.jpg,single,Riolu #61 - Reverse Holo - Heavily Played,Diamond & Pearl,3,2026-05-16 20:55:40,Rebuilt from current inventory.csv; excluded first 4 ARS slabs per user request
CHELLA-SINGLE-SINGLES-0369,singles_0369.jpg,single,Riolu #61 - Reverse Holo - Heavily Played,Diamond & Pearl,3,2026-05-16 20:55:40,Rebuilt from current inventory.csv; excluded first 4 ARS slabs per user request
CHELLA-SINGLE-SINGLES-0371,singles_0371.jpg,single,Riolu #61 - Reverse Holo - Damaged,Diamond & Pearl,1,2026-05-16 20:55:40,Rebuilt from current inventory.csv; excluded first 4 ARS slabs per user request
CHELLA-SINGLE-SINGLES-0373,singles_0373.jpg,single,Graveler #51 - Reverse Holo - Damaged,Mysterious Treasures,1,2026-05-16 20:55:40,Rebuilt from current inventory.csv; excluded first 4 ARS slabs per user request
CHELLA-SINGLE-SINGLES-0375,singles_0375.jpg,single,Dugtrio #24 - Reverse Holo - Damaged,Secret Wonders,1,2026-05-16 20:55:40,Rebuilt from current inventory.csv; excluded first 4 ARS slabs per user request
CHELLA-SINGLE-SINGLES-0377,singles_0377.jpg,single,Trapinch #84 - Reverse Holo - Moderately Played,Rising Rivals,2,2026-05-16 20:55:40,Rebuilt from current inventory.csv; excluded first 4 ARS slabs per user request
CHELLA-SINGLE-SINGLES-0379,singles_0379.jpg,single,Carvanha #81 - Reverse Holo - Lightly Played,Secret Wonders,1,2026-05-16 20:55:40,Rebuilt from current inventory.csv; excluded first 4 ARS slabs per user request
CHELLA-SINGLE-SINGLES-0381,singles_0381.jpg,single,Kyogre #32 - Reverse Holo - Damaged,Legends Awakened,3,2026-05-16 20:55:40,Rebuilt from current inventory.csv; excluded first 4 ARS slabs per user request
CHELLA-SINGLE-SINGLES-0383,singles_0383.jpg,single,Phione #12 - Reverse Holo - Damaged,Majestic Dawn,1,2026-05-16 20:55:40,Rebuilt from current inventory.csv; excluded first 4 ARS slabs per user request
CHELLA-SINGLE-SINGLES-0385,singles_0385.jpg,single,Pelipper #45 - Reverse Holo - Lightly Played,Arceus,1,2026-05-16 20:55:40,Rebuilt from current inventory.csv; excluded first 4 ARS slabs per user request
CHELLA-SINGLE-SINGLES-0387,singles_0387.jpg,single,Pelipper #48 - Reverse Holo - Lightly Played,Great Encounters,1,2026-05-16 20:55:40,Rebuilt from current inventory.csv; excluded first 4 ARS slabs per user request
CHELLA-SINGLE-SINGLES-0389,singles_0389.jpg,single,Wingull #95 - Reverse Holo - Moderately Played,Great Encounters,1,2026-05-16 20:55:40,Rebuilt from current inventory.csv; excluded first 4 ARS slabs per user request
CHELLA-SINGLE-SINGLES-0391,singles_0391.jpg,single,Luvdisc #39 - Reverse Holo - Lightly Played,HS—Triumphant,2,2026-05-16 20:55:40,Rebuilt from current inventory.csv; excluded first 4 ARS slabs per user request
CHELLA-SINGLE-SINGLES-0393,singles_0393.jpg,single,Buizel #45 - Reverse Holo - Moderately Played,HS—Unleashed,1,2026-05-16 20:55:40,Rebuilt from current inventory.csv; excluded first 4 ARS slabs per user request
CHELLA-SINGLE-SINGLES-0395,singles_0395.jpg,single,Piloswine #69 - Reverse Holo - Lightly Played,Legends Awakened,2,2026-05-16 20:55:40,Rebuilt from current inventory.csv; excluded first 4 ARS slabs per user request
CHELLA-SINGLE-SINGLES-0397,singles_0397.jpg,single,Swinub #123 - Reverse Holo - Moderately Played,Legends Awakened,2,2026-05-16 20:55:40,Rebuilt from current inventory.csv; excluded first 4 ARS slabs per user request
CHELLA-SINGLE-SINGLES-0399,singles_0399.jpg,single,Swinub #79 - Reverse Holo - Lightly Played,HS—Triumphant,2,2026-05-16 20:55:40,Rebuilt from current inventory.csv; excluded first 4 ARS slabs per user request
CHELLA-SINGLE-SINGLES-0401,singles_0401.jpg,single,Swinub #79 - Reverse Holo - Moderately Played,HS—Triumphant,1,2026-05-16 20:55:40,Rebuilt from current inventory.csv; excluded first 4 ARS slabs per user request
CHELLA-SINGLE-SINGLES-0403,singles_0403.jpg,single,Marill #88 - Reverse Holo - Moderately Played,Diamond & Pearl,5,2026-05-16 20:55:40,Rebuilt from current inventory.csv; excluded first 4 ARS slabs per user request
CHELLA-SINGLE-SINGLES-0405,singles_0405.jpg,single,Victreebel #12 - Reverse Holo - Damaged,HS—Triumphant,2,2026-05-16 20:55:40,Rebuilt from current inventory.csv; excluded first 4 ARS slabs per user request
CHELLA-SINGLE-SINGLES-0407,singles_0407.jpg,single,Roserade #13 - Reverse Holo - Damaged,Diamond & Pearl,2,2026-05-16 20:55:40,Rebuilt from current inventory.csv; excluded first 4 ARS slabs per user request
CHELLA-SINGLE-SINGLES-0409,singles_0409.jpg,single,Beautifly #21 - Reverse Holo - Moderately Played,Platinum,2,2026-05-16 20:55:40,Rebuilt from current inventory.csv; excluded first 4 ARS slabs per user request
CHELLA-SINGLE-SINGLES-0411,singles_0411.jpg,single,Yanmega #17 - Reverse Holo - Heavily Played,Legends Awakened,1,2026-05-16 20:55:40,Rebuilt from current inventory.csv; excluded first 4 ARS slabs per user request
CHELLA-SINGLE-SINGLES-0413,singles_0413.jpg,single,Tropius #52 - Reverse Holo - Damaged,Rising Rivals,1,2026-05-16 20:55:40,Rebuilt from current inventory.csv; excluded first 4 ARS slabs per user request
CHELLA-SINGLE-SINGLES-0415,singles_0415.jpg,single,Ariados #20 - Reverse Holo - Moderately Played,Mysterious Treasures,1,2026-05-16 20:55:40,Rebuilt from current inventory.csv; excluded first 4 ARS slabs per user request
CHELLA-SINGLE-SINGLES-0417,singles_0417.jpg,single,Ariados #20 - Reverse Holo - Moderately Played,Mysterious Treasures,1,2026-05-16 20:55:40,Rebuilt from current inventory.csv; excluded first 4 ARS slabs per user request
CHELLA-SINGLE-SINGLES-0419,singles_0419.jpg,single,Carnivine #43 - Reverse Holo - Damaged,Platinum,1,2026-05-16 20:55:40,Rebuilt from current inventory.csv; excluded first 4 ARS slabs per user request
CHELLA-SINGLE-SINGLES-0421,singles_0421.jpg,single,Kricketot #109 - Reverse Holo - Damaged,Supreme Victors,1,2026-05-16 20:55:40,Rebuilt from current inventory.csv; excluded first 4 ARS slabs per user request
CHELLA-SINGLE-SINGLES-0423,singles_0423.jpg,single,Shroomish #108 - Reverse Holo - Moderately Played,Secret Wonders,1,2026-05-16 20:55:40,Rebuilt from current inventory.csv; excluded first 4 ARS slabs per user request
CHELLA-SINGLE-SINGLES-0425,singles_0425.jpg,single,Wurmple #103 - Reverse Holo - Moderately Played,Platinum,7,2026-05-16 20:55:40,Rebuilt from current inventory.csv; excluded first 4 ARS slabs per user request
CHELLA-SINGLE-SINGLES-0427,singles_0427.jpg,single,Seedot #78 - Reverse Holo - Lightly Played,Rising Rivals,1,2026-05-16 20:55:40,Rebuilt from current inventory.csv; excluded first 4 ARS slabs per user request
CHELLA-SINGLE-SINGLES-0429,singles_0429.jpg,single,Igglybuff #44 - Reverse Holo - Moderately Played,HeartGold & SoulSilver,8,2026-05-16 20:55:40,Rebuilt from current inventory.csv; excluded first 4 ARS slabs per user request
CHELLA-SINGLE-SINGLES-0431,singles_0431.jpg,single,Snorlax #37 - Reverse Holo - Damaged,Diamond & Pearl,5,2026-05-16 20:55:40,Rebuilt from current inventory.csv; excluded first 4 ARS slabs per user request
CHELLA-SINGLE-SINGLES-0433,singles_0433.jpg,single,Magneton #54 - Reverse Holo - Heavily Played,Diamond & Pearl,1,2026-05-16 20:55:40,Rebuilt from current inventory.csv; excluded first 4 ARS slabs per user request
CHELLA-SINGLE-SINGLES-0435,singles_0435.jpg,single,Magnemite #87 - Reverse Holo - Moderately Played,Diamond & Pearl,2,2026-05-16 20:55:40,Rebuilt from current inventory.csv; excluded first 4 ARS slabs per user request
CHELLA-SINGLE-SINGLES-0437,singles_0437.jpg,single,Ambipom #3 - Reverse Holo - Moderately Played,Mysterious Treasures,1,2026-05-16 20:55:40,Rebuilt from current inventory.csv; excluded first 4 ARS slabs per user request
CHELLA-SINGLE-SINGLES-0439,singles_0439.jpg,single,Girafarig #64 - Reverse Holo - Lightly Played,HeartGold & SoulSilver,3,2026-05-16 20:55:40,Rebuilt from current inventory.csv; excluded first 4 ARS slabs per user request
CHELLA-SINGLE-SINGLES-0441,singles_0441.jpg,single,Buneary #73 - Reverse Holo - Moderately Played,Diamond & Pearl,2,2026-05-16 20:55:40,Rebuilt from current inventory.csv; excluded first 4 ARS slabs per user request
CHELLA-SINGLE-SINGLES-0443,singles_0443.jpg,single,Lairon #44 - Reverse Holo - Damaged,Rising Rivals,1,2026-05-16 20:55:40,Rebuilt from current inventory.csv; excluded first 4 ARS slabs per user request
CHELLA-SINGLE-SINGLES-0445,singles_0445.jpg,single,Teddiursa #73 - Reverse Holo - Lightly Played,Call of Legends,2,2026-05-16 20:55:40,Rebuilt from current inventory.csv; excluded first 4 ARS slabs per user request
CHELLA-SINGLE-SINGLES-0447,singles_0447.jpg,single,Raticate #61 - Reverse Holo - Heavily Played,Secret Wonders,1,2026-05-16 20:55:40,Rebuilt from current inventory.csv; excluded first 4 ARS slabs per user request
CHELLA-SINGLE-SINGLES-0449,singles_0449.jpg,single,Whismur #94 - Reverse Holo - Lightly Played,Great Encounters,2,2026-05-16 20:55:40,Rebuilt from current inventory.csv; excluded first 4 ARS slabs per user request
CHELLA-SINGLE-SINGLES-0451,singles_0451.jpg,single,Farfetch'd #38 - Reverse Holo - Damaged,Stormfront,1,2026-05-16 20:55:40,Rebuilt from current inventory.csv; excluded first 4 ARS slabs per user request
CHELLA-SINGLE-SINGLES-0453,singles_0453.jpg,single,Castform #48 - Reverse Holo - Lightly Played,Legends Awakened,3,2026-05-16 20:55:40,Rebuilt from current inventory.csv; excluded first 4 ARS slabs per user request
CHELLA-SINGLE-SINGLES-0455,singles_0455.jpg,single,Professor Oak's New Theory #83 - Reverse Holo - Lightly Played,Call of Legends,3,2026-05-16 20:55:40,Rebuilt from current inventory.csv; excluded first 4 ARS slabs per user request
CHELLA-SINGLE-SINGLES-0457,singles_0457.jpg,single,Professor Oak's New Theory #83 - Reverse Holo - Lightly Played,Call of Legends,3,2026-05-16 20:55:40,Rebuilt from current inventory.csv; excluded first 4 ARS slabs per user request
CHELLA-SINGLE-SINGLES-0459,singles_0459.jpg,single,Team Rocket's Trickery #78 - Reverse Holo - Lightly Played,HS—Undaunted,5,2026-05-16 20:55:40,Rebuilt from current inventory.csv; excluded first 4 ARS slabs per user request
CHELLA-SINGLE-SINGLES-0461,singles_0461.jpg,single,Cynthia's Guidance #136 - Reverse Holo - Moderately Played,Supreme Victors,2,2026-05-16 20:55:40,Rebuilt from current inventory.csv; excluded first 4 ARS slabs per user request
CHELLA-SINGLE-SINGLES-0463,singles_0463.jpg,single,Professor Rowan #112 - Reverse Holo - Moderately Played,Diamond & Pearl,1,2026-05-16 20:55:40,Rebuilt from current inventory.csv; excluded first 4 ARS slabs per user request
CHELLA-SINGLE-SINGLES-0465,singles_0465.jpg,single,Professor Oak's Visit #90 - Reverse Holo - Lightly Played,Arceus,1,2026-05-16 20:55:40,Rebuilt from current inventory.csv; excluded first 4 ARS slabs per user request
CHELLA-SINGLE-SINGLES-0467,singles_0467.jpg,single,Energy Search #117 - Reverse Holo - Moderately Played,Diamond & Pearl,1,2026-05-16 20:55:40,Rebuilt from current inventory.csv; excluded first 4 ARS slabs per user request
CHELLA-SINGLE-SINGLES-0469,singles_0469.jpg,single,Amulet Coin #97 - Reverse Holo - Lightly Played,Great Encounters,1,2026-05-16 20:55:40,Rebuilt from current inventory.csv; excluded first 4 ARS slabs per user request
CHELLA-SINGLE-SINGLES-0471,singles_0471.jpg,single,Mightyena #47 - Lightly Played,Topps Advanced Challenge,10,2026-05-16 20:55:40,Rebuilt from current inventory.csv; excluded first 4 ARS slabs per user request
CHELLA-SINGLE-SINGLES-0473,singles_0473.jpg,single,Camerupt #22 - Lightly Played,Topps Advanced,5,2026-05-16 20:55:40,Rebuilt from current inventory.csv; excluded first 4 ARS slabs per user request
CHELLA-SINGLE-SINGLES-0475,singles_0475.jpg,single,Whiscash #87 - Lightly Played,Topps Advanced,5,2026-05-16 20:55:40,Rebuilt from current inventory.csv; excluded first 4 ARS slabs per user request
CHELLA-SINGLE-SINGLES-0477,singles_0477.jpg,single,Kirlia #42 - Lightly Played,Topps Advanced,10,2026-05-16 20:55:40,Rebuilt from current inventory.csv; excluded first 4 ARS slabs per user request
CHELLA-SINGLE-SINGLES-0479,singles_0479.jpg,single,Volbeat #86 - Lightly Played,Topps Advanced,5,2026-05-16 20:55:40,Rebuilt from current inventory.csv; excluded first 4 ARS slabs per user request
CHELLA-SINGLE-SINGLES-0481,singles_0481.jpg,single,Shroomish #75 - Near Mint,Topps Advanced,10,2026-05-16 20:55:40,Rebuilt from current inventory.csv; excluded first 4 ARS slabs per user request
CHELLA-SINGLE-SINGLES-0483,singles_0483.jpg,single,Electrode #27 - Lightly Played,Topps Advanced Challenge,5,2026-05-16 20:55:40,Rebuilt from current inventory.csv; excluded first 4 ARS slabs per user request
CHELLA-SINGLE-SINGLES-0485,singles_0485.jpg,single,Manectric #42 - Lightly Played,Topps Advanced Challenge,10,2026-05-16 20:55:40,Rebuilt from current inventory.csv; excluded first 4 ARS slabs per user request
CHELLA-SINGLE-SINGLES-0487,singles_0487.jpg,single,Claydol #20 - Near Mint,Topps Advanced Challenge,7,2026-05-16 20:55:40,Rebuilt from current inventory.csv; excluded first 4 ARS slabs per user request
CHELLA-SINGLE-SINGLES-0489,singles_0489.jpg,single,Lombre #38 - Lightly Played,Topps Advanced Challenge,5,2026-05-16 20:55:40,Rebuilt from current inventory.csv; excluded first 4 ARS slabs per user request
CHELLA-SINGLE-SINGLES-0491,singles_0491.jpg,single,Swalot #73 - Lightly Played,Topps Advanced Challenge,3,2026-05-16 20:55:40,Rebuilt from current inventory.csv; excluded first 4 ARS slabs per user request
CHELLA-SINGLE-SINGLES-0493,singles_0493.jpg,single,Snorunt #67 - Lightly Played,Topps Advanced Challenge,5,2026-05-16 20:55:40,Rebuilt from current inventory.csv; excluded first 4 ARS slabs per user request
CHELLA-SINGLE-SINGLES-0495,singles_0495.jpg,single,Wingull #87 - Lightly Played,Topps Advanced Challenge,3,2026-05-16 20:55:40,Rebuilt from current inventory.csv; excluded first 4 ARS slabs per user request
CHELLA-SINGLE-SINGLES-0497,singles_0497.jpg,single,Cascoon #12 - Lightly Played,Topps Advanced Challenge,6,2026-05-16 20:55:40,Rebuilt from current inventory.csv; excluded first 4 ARS slabs per user request
CHELLA-SINGLE-SINGLES-0499,singles_0499.jpg,single,Graveler #075 - Moderately Played,Bandai Carddass,5,2026-05-16 20:55:40,Rebuilt from current inventory.csv; excluded first 4 ARS slabs per user request
CHELLA-SINGLE-SINGLES-0501,singles_0501.jpg,single,Diglett #050 - Lightly Played,Bandai Carddass,10,2026-05-16 20:55:40,Rebuilt from current inventory.csv; excluded first 4 ARS slabs per user request
CHELLA-SINGLE-SINGLES-0503,singles_0503.jpg,single,Victreebel #71 - Lightly Played,Topps,3,2026-05-16 20:55:40,Rebuilt from current inventory.csv; excluded first 4 ARS slabs per user request
CHELLA-SINGLE-SINGLES-0505,singles_0505.jpg,single,Persian #53 - Near Mint,Topps,3,2026-05-16 20:55:40,Rebuilt from current inventory.csv; excluded first 4 ARS slabs per user request
CHELLA-SINGLE-SINGLES-0507,singles_0507.jpg,single,Luxio #103/BW-P - Moderately Played,Psycho Drive Hail Blizzard,7,2026-05-16 20:55:40,Rebuilt from current inventory.csv; excluded first 4 ARS slabs per user request
CHELLA-SINGLE-SINGLES-0509,singles_0509.jpg,single,Regirock #099/PCG-P - Moderately Played,Mew Lucario Movie,4,2026-05-16 20:55:40,Rebuilt from current inventory.csv; excluded first 4 ARS slabs per user request
CHELLA-SINGLE-SINGLES-0511,singles_0511.jpg,single,Regirock #099/PCG-P - Moderately Played,Mew Lucario Movie,4,2026-05-16 20:55:40,Rebuilt from current inventory.csv; excluded first 4 ARS slabs per user request
CHELLA-SINGLE-SINGLES-0513,singles_0513.jpg,single,Regirock #072/PCG-P - Heavily Played,Meiji Promo,2,2026-05-16 20:55:40,Rebuilt from current inventory.csv; excluded first 4 ARS slabs per user request
CHELLA-SINGLE-SINGLES-0515,singles_0515.jpg,single,Regice #067/PCG-P - Lightly Played,Mystery of Mew,3,2026-05-16 20:55:40,Rebuilt from current inventory.csv; excluded first 4 ARS slabs per user request
CHELLA-SINGLE-SINGLES-0517,singles_0517.jpg,single,Regice #098/PCG-P - Moderately Played,Mew Lucario Movie,5,2026-05-16 20:55:40,Rebuilt from current inventory.csv; excluded first 4 ARS slabs per user request
CHELLA-SINGLE-SINGLES-0519,singles_0519.jpg,single,Heatran M #005/022 - Moderately Played,Movie Random Pack,3,2026-05-16 20:55:40,Rebuilt from current inventory.csv; excluded first 4 ARS slabs per user request
CHELLA-SINGLE-SINGLES-0521,singles_0521.jpg,single,Genesect #209/BW-P - Lightly Played,EX Battle Boost,11,2026-05-16 20:55:40,Rebuilt from current inventory.csv; excluded first 4 ARS slabs per user request
CHELLA-SINGLE-SINGLES-0523,singles_0523.jpg,single,Grovyle #081/PCG-P - Moderately Played,McDonald's Promo,2,2026-05-16 20:55:40,Rebuilt from current inventory.csv; excluded first 4 ARS slabs per user request
CHELLA-SINGLE-SINGLES-0525,singles_0525.jpg,single,Combusken #082/PCG-P - Lightly Played,McDonald's Promo,3,2026-05-16 20:55:40,Rebuilt from current inventory.csv; excluded first 4 ARS slabs per user request
CHELLA-SINGLE-SINGLES-0527,singles_0527.jpg,single,Beautifly #003/022 - Lightly Played,Movie Random Pack,8,2026-05-16 20:55:40,Rebuilt from current inventory.csv; excluded first 4 ARS slabs per user request
CHELLA-SINGLE-SINGLES-0529,singles_0529.jpg,single,Delta Pelipper #140/PCG-P - Damaged,Meiji Promo,2,2026-05-16 20:55:40,Rebuilt from current inventory.csv; excluded first 4 ARS slabs per user request
CHELLA-SINGLE-SINGLES-0531,singles_0531.jpg,single,Sliggoo #059/080 - Near Mint,Wild Blaze,3,2026-05-16 20:55:40,Rebuilt from current inventory.csv; excluded first 4 ARS slabs per user request
CHELLA-SINGLE-SINGLES-0533,singles_0533.jpg,single,Croagunk #122/DP-P - Moderately Played,Diamond & Pearl,2,2026-05-16 20:55:40,Rebuilt from current inventory.csv; excluded first 4 ARS slabs per user request
CHELLA-SINGLE-SINGLES-0535,singles_0535.jpg,single,Ludicolo #022/ADV-P - Near Mint,Pokemon Fair Promo,15,2026-05-16 20:55:40,Rebuilt from current inventory.csv; excluded first 4 ARS slabs per user request
CHELLA-SINGLE-SINGLES-0537,singles_0537.jpg,single,Raticate #020 - Unscratched - Moderately Played,Pokemon Scratch,20,2026-05-16 20:55:40,Rebuilt from current inventory.csv; excluded first 4 ARS slabs per user request
CHELLA-SINGLE-SINGLES-0539,singles_0539.jpg,single,Pikachu #35 - Reverse Holo - Near Mint,Evolutions,6,2026-05-16 20:55:40,Rebuilt from current inventory.csv; excluded first 4 ARS slabs per user request
CHELLA-SINGLE-SINGLES-0541,singles_0541.jpg,single,Nidoking #45 - Unlimited Holofoil - Near Mint,Evolutions,5,2026-05-16 20:55:40,Rebuilt from current inventory.csv; excluded first 4 ARS slabs per user request
CHELLA-SINGLE-SINGLES-0543,singles_0543.jpg,single,Magneton #38 - Unlimited Holofoil - Near Mint,Evolutions,2,2026-05-16 20:55:40,Rebuilt from current inventory.csv; excluded first 4 ARS slabs per user request
CHELLA-SINGLE-SINGLES-0545,singles_0545.jpg,single,Serperior ex #159/086 - Near Mint,Black Bolt,3,2026-05-16 20:55:40,Rebuilt from current inventory.csv; excluded first 4 ARS slabs per user request
CHELLA-SINGLE-SINGLES-0547,singles_0547.jpg,single,Milotic ex #121/106 - Near Mint,Super Electric Breaker,3,2026-05-16 20:55:40,Rebuilt from current inventory.csv; excluded first 4 ARS slabs per user request
CHELLA-SINGLE-SINGLES-0549,singles_0549.jpg,single,Mamoswine ex #116/100 - Near Mint,Battle Partners,3,2026-05-16 20:55:40,Rebuilt from current inventory.csv; excluded first 4 ARS slabs per user request
CHELLA-SINGLE-SINGLES-0551,singles_0551.jpg,single,Fezandipiti #081/064 - Near Mint,Night Wanderer,3,2026-05-16 20:55:40,Rebuilt from current inventory.csv; excluded first 4 ARS slabs per user request
CHELLA-SINGLE-SINGLES-0553,singles_0553.jpg,single,Mewtwo V #273/S-P - Near Mint,Pokemon GO,12,2026-05-16 20:55:40,Rebuilt from current inventory.csv; excluded first 4 ARS slabs per user request
CHELLA-SINGLE-SINGLES-0555,singles_0555.jpg,single,Mewtwo V #273/S-P - Near Mint,Pokemon GO,12,2026-05-16 20:55:40,Rebuilt from current inventory.csv; excluded first 4 ARS slabs per user request
CHELLA-SINGLE-SINGLES-0557,singles_0557.jpg,single,Dragonite V #049/071 - Near Mint,Pokemon GO,3,2026-05-16 20:55:40,Rebuilt from current inventory.csv; excluded first 4 ARS slabs per user request
CHELLA-SINGLE-SINGLES-0559,singles_0559.jpg,single,Dragonite V #049/071 - Near Mint,Pokemon GO,3,2026-05-16 20:55:40,Rebuilt from current inventory.csv; excluded first 4 ARS slabs per user request
CHELLA-SINGLE-SINGLES-0561,singles_0561.jpg,single,Lugia VSTAR #080/098 - Near Mint,Paradigm Trigger,5,2026-05-16 20:55:40,Rebuilt from current inventory.csv; excluded first 4 ARS slabs per user request
CHELLA-SINGLE-SINGLES-0563,singles_0563.jpg,single,Regieleki V #319/S-P - Near Mint,SWSH Promos,3,2026-05-16 20:55:40,Rebuilt from current inventory.csv; excluded first 4 ARS slabs per user request
CHELLA-SINGLE-SINGLES-0565,singles_0565.jpg,single,Eri #197/187 - Near Mint,Terastal Festival,4,2026-05-16 20:55:40,Rebuilt from current inventory.csv; excluded first 4 ARS slabs per user request
CHELLA-SINGLE-SINGLES-0567,singles_0567.jpg,single,Charizard #076/S-P - Near Mint,Competition Battle Prize,20,2026-05-16 20:55:40,Rebuilt from current inventory.csv; excluded first 4 ARS slabs per user request
CHELLA-SINGLE-SINGLES-0569,singles_0569.jpg,single,Archeops #327/S-P - Near Mint,SWSH Promos,6,2026-05-16 20:55:40,Rebuilt from current inventory.csv; excluded first 4 ARS slabs per user request
CHELLA-SINGLE-SINGLES-0571,singles_0571.jpg,single,Tapu Koko #109/SM-P - Near Mint,Koko Fest,3,2026-05-16 20:55:40,Rebuilt from current inventory.csv; excluded first 4 ARS slabs per user request
CHELLA-SINGLE-SINGLES-0573,singles_0573.jpg,single,Fire Energy #XY-P - Near Mint,First Promo,10,2026-05-16 20:55:40,Rebuilt from current inventory.csv; excluded first 4 ARS slabs per user request
CHELLA-SINGLE-SINGLES-0575,singles_0575.jpg,single,Toxicroak EX #036/080 - Heavily Played,Wild Blaze,1,2026-05-16 20:55:40,Rebuilt from current inventory.csv; excluded first 4 ARS slabs per user request
CHELLA-SINGLE-SINGLES-0577,singles_0577.jpg,single,Kyogre EX #008/049 - Moderately Played,Master Speed Style Deck,2,2026-05-16 20:55:40,Rebuilt from current inventory.csv; excluded first 4 ARS slabs per user request
CHELLA-SINGLE-SINGLES-0579,singles_0579.jpg,single,Kyurem EX #006/018 - Lightly Played,Hail Blizzard,5,2026-05-16 20:55:40,Rebuilt from current inventory.csv; excluded first 4 ARS slabs per user request
CHELLA-SINGLE-SINGLES-0581,singles_0581.jpg,single,Tapu Koko VMAX #150/414 - Near Mint,Battle Styles,3,2026-05-16 20:55:40,Rebuilt from current inventory.csv; excluded first 4 ARS slabs per user request
CHELLA-SINGLE-SINGLES-0583,singles_0583.jpg,single,Tapu Koko V #149/414 - Near Mint,Single Strike Master,2,2026-05-16 20:55:40,Rebuilt from current inventory.csv; excluded first 4 ARS slabs per user request
CHELLA-SINGLE-SINGLES-0585,singles_0585.jpg,single,Goldeen #20 - Masterball Foil - Near Mint,Prismatic Evolutions,3,2026-05-16 20:55:40,Rebuilt from current inventory.csv; excluded first 4 ARS slabs per user request
CHELLA-SINGLE-SINGLES-0587,singles_0587.jpg,single,Precious Trolley #185 - Near Mint,Surging Sparks,2,2026-05-16 20:55:40,Rebuilt from current inventory.csv; excluded first 4 ARS slabs per user request
CHELLA-SINGLE-SINGLES-0589,singles_0589.jpg,single,Precious Trolley #185 - Near Mint,Surging Sparks,2,2026-05-16 20:55:40,Rebuilt from current inventory.csv; excluded first 4 ARS slabs per user request
CHELLA-SINGLE-SINGLES-0591,singles_0591.jpg,single,Precious Trolley #185 - Near Mint,Surging Sparks,2,2026-05-16 20:55:40,Rebuilt from current inventory.csv; excluded first 4 ARS slabs per user request
CHELLA-SINGLE-SINGLES-0593,singles_0593.jpg,single,Precious Trolley #185 - Near Mint,Surging Sparks,2,2026-05-16 20:55:40,Rebuilt from current inventory.csv; excluded first 4 ARS slabs per user request
CHELLA-SINGLE-SINGLES-0595,singles_0595.jpg,single,Centiskorch VMAX #310/190 - Near Mint,Shiny Star V,3,2026-05-16 20:55:40,Rebuilt from current inventory.csv; excluded first 4 ARS slabs per user request
CHELLA-SINGLE-SINGLES-0597,singles_0597.jpg,single,Magcargo ex #080/066 - Near Mint,Crimson Haze,3,2026-05-16 20:55:40,Rebuilt from current inventory.csv; excluded first 4 ARS slabs per user request
CHELLA-SINGLE-SINGLES-0599,singles_0599.jpg,single,Pidgeot ex #335/190 - Near Mint,Shiny Treasure ex,3,2026-05-16 20:55:40,Rebuilt from current inventory.csv; excluded first 4 ARS slabs per user request
CHELLA-SINGLE-SINGLES-0601,singles_0601.jpg,single,Wigglytuff ex #336/190 - Near Mint,Shiny Treasure ex,5,2026-05-16 20:55:40,Rebuilt from current inventory.csv; excluded first 4 ARS slabs per user request
CHELLA-SINGLE-SINGLES-0603,singles_0603.jpg,single,Great Tusk ex #330/190 - Near Mint,Shiny Treasure ex,2,2026-05-16 20:55:40,Rebuilt from current inventory.csv; excluded first 4 ARS slabs per user request
CHELLA-SINGLE-SINGLES-0605,singles_0605.jpg,single,Boltund V #313/190 - Near Mint,Shiny Star V,3,2026-05-16 20:55:40,Rebuilt from current inventory.csv; excluded first 4 ARS slabs per user request
CHELLA-SINGLE-SINGLES-0607,singles_0607.jpg,single,Eldegoss V #306/190 - Near Mint,Shiny Star V,3,2026-05-16 20:55:40,Rebuilt from current inventory.csv; excluded first 4 ARS slabs per user request
CHELLA-SINGLE-SINGLES-0609,singles_0609.jpg,single,Eldegoss V #306/190 - Near Mint,Shiny Star V,3,2026-05-16 20:55:40,Rebuilt from current inventory.csv; excluded first 4 ARS slabs per user request
CHELLA-SINGLE-SINGLES-0611,singles_0611.jpg,single,Yveltal #117/190 - Near Mint,Shiny Star V,2,2026-05-16 20:55:40,Rebuilt from current inventory.csv; excluded first 4 ARS slabs per user request
CHELLA-SINGLE-SINGLES-0613,singles_0613.jpg,single,Kyogre #036/190 - Near Mint,Shiny Star V,2,2026-05-16 20:55:40,Rebuilt from current inventory.csv; excluded first 4 ARS slabs per user request
CHELLA-SINGLE-SINGLES-0193,singles_0193.jpg,single,Raikou #061/L-P - Lightly Played,Legend,20,2026-05-16 20:55:40,Rebuilt from current inventory.csv; excluded first 4 ARS slabs per user request
CHELLA-SINGLE-SINGLES-0233,singles_0233.jpg,single,Dark Slowbro #12 - 1st Edition Holofoil - Lightly Played,Team Rocket,65,2026-05-16 20:55:40,Rebuilt from current inventory.csv; excluded first 4 ARS slabs per user request
CHELLA-SINGLE-SINGLES-0235,singles_0235.jpg,single,Dark Golbat #7 - 1st Edition Holofoil - Lightly Played,Team Rocket,40,2026-05-16 20:55:40,Rebuilt from current inventory.csv; excluded first 4 ARS slabs per user request
CHELLA-SINGLE-SINGLES-0237,singles_0237.jpg,single,Dark Weezing #14 - 1st Edition Holofoil - Moderately Played,Team Rocket,22,2026-05-16 20:55:40,Rebuilt from current inventory.csv; excluded first 4 ARS slabs per user request
CHELLA-SINGLE-SINGLES-0239,singles_0239.jpg,single,Dark Charizard #21 - 1st Edition - Moderately Played,Team Rocket,75,2026-05-16 20:55:40,Rebuilt from current inventory.csv; excluded first 4 ARS slabs per user request
CHELLA-SINGLE-SINGLES-0241,singles_0241.jpg,single,Dark Charizard #21 - 1st Edition - Moderately Played,Team Rocket,75,2026-05-16 20:55:40,Rebuilt from current inventory.csv; excluded first 4 ARS slabs per user request
CHELLA-SINGLE-SINGLES-0243,singles_0243.jpg,single,Dark Blastoise #20 - 1st Edition - Moderately Played,Team Rocket,28,2026-05-16 20:55:40,Rebuilt from current inventory.csv; excluded first 4 ARS slabs per user request
CHELLA-SINGLE-SINGLES-0245,singles_0245.jpg,single,Kabutops #9 - 1st Edition Holofoil - Heavily Played,Fossil,35,2026-05-16 20:55:40,Rebuilt from current inventory.csv; excluded first 4 ARS slabs per user request
CHELLA-SINGLE-SINGLES-0219,singles_0219.jpg,single,Azumarill #2 - Lightly Played,Neo Genesis,20,2026-05-16 20:55:40,Rebuilt from current inventory.csv; excluded first 4 ARS slabs per user request
CHELLA-SINGLE-SINGLES-0257,singles_0257.jpg,single,Mewtwo #10 - Damaged,Base,13,2026-05-16 20:55:40,Rebuilt from current inventory.csv; excluded first 4 ARS slabs per user request
CHELLA-SINGLE-SINGLES-0281,singles_0281.jpg,single,Machamp #8 - 1st Edition Holofoil - Damaged,Base,6,2026-05-16 20:55:40,Rebuilt from current inventory.csv; excluded first 4 ARS slabs per user request
CHELLA-SINGLE-SINGLES-0287,singles_0287.jpg,single,Hitmonchan #7 - Holofoil - Damaged,Base,6,2026-05-16 20:55:40,Rebuilt from current inventory.csv; excluded first 4 ARS slabs per user request
CHELLA-SINGLE-SINGLES-0291,singles_0291.jpg,single,Poliwrath #13 - Holofoil - Damaged,Base,7,2026-05-16 20:55:40,Rebuilt from current inventory.csv; excluded first 4 ARS slabs per user request
CHELLA-SINGLE-SINGLES-0303,singles_0303.jpg,single,Dark Gyarados #25 - Lightly Played,Team Rocket,12,2026-05-16 20:55:40,Rebuilt from current inventory.csv; excluded first 4 ARS slabs per user request
CHELLA-SINGLE-SINGLES-0305,singles_0305.jpg,single,Here Comes Team Rocket! #15 - Holofoil - Lightly Played,Team Rocket,22,2026-05-16 20:55:40,Rebuilt from current inventory.csv; excluded first 4 ARS slabs per user request
CHELLA-SINGLE-SINGLES-0317,singles_0317.jpg,single,Kangaskhan #5 - 1st Edition Holofoil - Damaged,Jungle,6,2026-05-16 20:55:40,Rebuilt from current inventory.csv; excluded first 4 ARS slabs per user request
CHELLA-SINGLE-SINGLES-0319,singles_0319.jpg,single,Brock's Ninetales No. 038 - Holofoil - Lightly Played,Gym Challenge,15,2026-05-16 20:55:40,Rebuilt from current inventory.csv; excluded first 4 ARS slabs per user request
CHELLA-SINGLE-SINGLES-0321,singles_0321.jpg,single,Erika's Vileplume No. 045 - Holofoil - Lightly Played,Gym Heroes,25,2026-05-16 20:55:40,Rebuilt from current inventory.csv; excluded first 4 ARS slabs per user request
CHELLA-SINGLE-SINGLES-0197,singles_0197.jpg,single,Alolan Exeggutor ex #089/064 - Near Mint,Paradise Dragona,20,2026-05-16 20:55:40,Rebuilt from current inventory.csv; excluded first 4 ARS slabs per user request
CHELLA-SINGLE-SINGLES-0205,singles_0205.jpg,single,Hisuian Lilligant V #069/067 - Near Mint,Time Gazer,20,2026-05-16 20:55:40,Rebuilt from current inventory.csv; excluded first 4 ARS slabs per user request
CHELLA-SINGLE-SINGLES-0207,singles_0207.jpg,single,Hisuian Lilligant V #069/067 - Near Mint,Time Gazer,20,2026-05-16 20:55:40,Rebuilt from current inventory.csv; excluded first 4 ARS slabs per user request
CHELLA-SINGLE-SINGLES-0209,singles_0209.jpg,single,Radiant Eevee #SWSH230 - Near Mint,SWSH Black Star Promos,20,2026-05-16 20:55:40,Rebuilt from current inventory.csv; excluded first 4 ARS slabs per user request
CHELLA-SINGLE-SINGLES-0213,singles_0213.jpg,single,Grusha #090/071 - Near Mint,Scarlet ex,10,2026-05-16 20:55:40,Rebuilt from current inventory.csv; excluded first 4 ARS slabs per user request
CHELLA-SINGLE-SINGLES-0221,singles_0221.jpg,single,Mimikyu VMAX #025/063 - Near Mint,Sword & Shield,3,2026-05-16 20:55:40,Rebuilt from current inventory.csv; excluded first 4 ARS slabs per user request
CHELLA-SINGLE-SINGLES-0223,singles_0223.jpg,single,Melmetal V #47 - Near Mint,Pokémon GO,1,2026-05-16 20:55:40,Rebuilt from current inventory.csv; excluded first 4 ARS slabs per user request
CHELLA-SINGLE-SINGLES-0333,singles_0333.jpg,single,Mega Diancie ex #41 - Near Mint,Phantasmal Flames,1,2026-05-16 20:55:40,Rebuilt from current inventory.csv; excluded first 4 ARS slabs per user request
CHELLA-SINGLE-SINGLES-0335,singles_0335.jpg,single,Mega Diancie ex #41 - Near Mint,Phantasmal Flames,1,2026-05-16 20:55:40,Rebuilt from current inventory.csv; excluded first 4 ARS slabs per user request
CHELLA-GRADED-IMG431,img431.jpg,graded,Rayquaza EX #75/108 - PSA 10,Roaring Skies,1200,2026-05-16 20:55:40,Rebuilt from current inventory.csv; excluded first 4 ARS slabs per user request
CHELLA-GRADED-IMG424,img424.jpg,graded,Mega Charizard X ex #110 - PSA 10,M2 Inferno X,800,2026-05-16 20:55:40,Rebuilt from current inventory.csv; excluded first 4 ARS slabs per user request
CHELLA-GRADED-IMG425,img425.jpg,graded,Mega Charizard X ex #110 - PSA 10,M2 Inferno X,800,2026-05-16 20:55:40,Rebuilt from current inventory.csv; excluded first 4 ARS slabs per user request
CHELLA-GRADED-IMG426,img426.jpg,graded,Dragonite #149 Holofoil - PSA 9,Fossil Set,750,2026-05-16 20:55:40,Rebuilt from current inventory.csv; excluded first 4 ARS slabs per user request
CHELLA-GRADED-IMG428,img428.jpg,graded,Pikachu French Worlds - PSA 9,World Collection,400,2026-05-16 20:55:40,Rebuilt from current inventory.csv; excluded first 4 ARS slabs per user request
CHELLA-GRADED-IMG439,img439.jpg,graded,Tohoku's Pikachu #260/SV-P - PSA 10,Special Box PC,525,2026-05-16 20:55:40,Rebuilt from current inventory.csv; excluded first 4 ARS slabs per user request
CHELLA-GRADED-IMG427,img427.jpg,graded,Tea Party Pikachu #325 - PSA 9,Pokemon Center Kyoto,500,2026-05-16 20:55:40,Rebuilt from current inventory.csv; excluded first 4 ARS slabs per user request
CHELLA-GRADED-IMG604,img604.jpg,graded,Delta Latios #12 Mitsuhiro Arita - PSA AUTO 10,Holon Phantoms,1500,2026-05-16 20:55:40,Rebuilt from current inventory.csv; excluded first 4 ARS slabs per user request
CHELLA-GRADED-IMG450,img450.jpg,graded,Charizard #006 Red Poker - PSA 9,Poker Deck,500,2026-05-16 20:55:40,Rebuilt from current inventory.csv; excluded first 4 ARS slabs per user request
CHELLA-GRADED-IMG455,img455.jpg,graded,Articuno ex #114/112 - BGS 9,FireRed & LeafGreen,600,2026-05-16 20:55:40,Rebuilt from current inventory.csv; excluded first 4 ARS slabs per user request
CHELLA-GRADED-IMG456,img456.jpg,graded,Charizard #100/97 - BGS 7.5,Dragon,850,2026-05-16 20:55:40,Rebuilt from current inventory.csv; excluded first 4 ARS slabs per user request
CHELLA-GRADED-IMG457,img457.jpg,graded,Gyarados #6/102 Square Cut - BGS 9,Base,1000,2026-05-16 20:55:40,Rebuilt from current inventory.csv; excluded first 4 ARS slabs per user request
CHELLA-GRADED-IMG600,img600.jpg,graded,Tyranitar V #077/070 - CGC Perfect 10,Single Strike Master,500,2026-05-16 20:55:40,Rebuilt from current inventory.csv; excluded first 4 ARS slabs per user request
CHELLA-GRADED-IMG601,img601.jpg,graded,Charizard VSTAR #118/100 - CGC Perfect 10,Star Birth,750,2026-05-16 20:55:40,Rebuilt from current inventory.csv; excluded first 4 ARS slabs per user request
CHELLA-GRADED-IMG602,img602.jpg,graded,Koraidon ex #103/078 - CGC Perfect 10,Scarlet ex,400,2026-05-16 20:55:40,Rebuilt from current inventory.csv; excluded first 4 ARS slabs per user request
CHELLA-GRADED-IMG603,img603.jpg,graded,Venusaur #03 Topps Spectra - CGC 10,Topps Chrome,450,2026-05-16 20:55:40,Rebuilt from current inventory.csv; excluded first 4 ARS slabs per user request
CHELLA-GRADED-IMG476,img476.jpg,graded,Blastoise #09 - CGC Perfect 10,Topps Chrome,2000,2026-05-16 20:55:40,Rebuilt from current inventory.csv; excluded first 4 ARS slabs per user request
CHELLA-GRADED-IMG477,img477.jpg,graded,Charmander #04 - CGC Pristine 10,Topps Chrome,300,2026-05-16 20:55:40,Rebuilt from current inventory.csv; excluded first 4 ARS slabs per user request
CHELLA-GRADED-IMG478,img478.jpg,graded,Umbreon 068/092 Holofoil - CGC 8.5,The Town on No Map,1750,2026-05-16 20:55:40,Rebuilt from current inventory.csv; excluded first 4 ARS slabs per user request
CHELLA-GRADED-IMG512,img512.jpg,graded,Gengar VMAX 181/S-P - PSA 10,Inteleon VS Gengar Winner,1200,2026-05-16 20:55:40,Rebuilt from current inventory.csv; excluded first 4 ARS slabs per user request
CHELLA-GRADED-IMG513,img513.jpg,graded,Gengar VMAX 181/S-P - PSA 10,Inteleon VS Gengar Winner,1200,2026-05-16 20:55:40,Rebuilt from current inventory.csv; excluded first 4 ARS slabs per user request
CHELLA-GRADED-IMG516,img516.jpg,graded,Victini 265/SV-P - PSA 9,BWR Event Prize,500,2026-05-16 20:55:40,Rebuilt from current inventory.csv; excluded first 4 ARS slabs per user request
CHELLA-GRADED-IMG479,img479.jpg,graded,Golem #76 Sparkle - CGC 8.5,Topps Chrome,300,2026-05-16 20:55:40,Rebuilt from current inventory.csv; excluded first 4 ARS slabs per user request
CHELLA-GRADED-IMG474,img474.jpg,graded,Ash's Pikachu GX #005/026 - CGC 8.5,Deck Kit,350,2026-05-16 20:55:40,Rebuilt from current inventory.csv; excluded first 4 ARS slabs per user request
CHELLA-GRADED-IMG452,img452.jpg,graded,Nachtara #32/144 - PSA 9,Skyridge,450,2026-05-16 20:55:40,Rebuilt from current inventory.csv; excluded first 4 ARS slabs per user request
CHELLA-GRADED-IMG432,img432.jpg,graded,Blastoise #2/130 - PSA 8,Base Set 2,240,2026-05-16 20:55:40,Rebuilt from current inventory.csv; excluded first 4 ARS slabs per user request
CHELLA-GRADED-IMG433,img433.jpg,graded,Raichu #14/102 - PSA 8,Base,130,2026-05-16 20:55:40,Rebuilt from current inventory.csv; excluded first 4 ARS slabs per user request
CHELLA-GRADED-IMG434,img434.jpg,graded,Raichu #14/102 - PSA 8,Base,130,2026-05-16 20:55:40,Rebuilt from current inventory.csv; excluded first 4 ARS slabs per user request
CHELLA-GRADED-IMG435,img435.jpg,graded,Poliwrath #13/102 - PSA 8,Base,80,2026-05-16 20:55:40,Rebuilt from current inventory.csv; excluded first 4 ARS slabs per user request
CHELLA-GRADED-IMG436,img436.jpg,graded,Snorlax #11/64 - PSA 8,Jungle Set,250,2026-05-16 20:55:40,Rebuilt from current inventory.csv; excluded first 4 ARS slabs per user request
CHELLA-GRADED-IMG517,img517.jpg,graded,Taipei's Pikachu #057/SV-P - PSA 9,Pokemon Center Taipei,110,2026-05-16 20:55:40,Rebuilt from current inventory.csv; excluded first 4 ARS slabs per user request
CHELLA-GRADED-IMG518,img518.jpg,graded,Taipei's Pikachu #057/SV-P - PSA 9,Pokemon Center Taipei,110,2026-05-16 20:55:40,Rebuilt from current inventory.csv; excluded first 4 ARS slabs per user request
CHELLA-GRADED-IMG519,img519.jpg,graded,Taipei's Pikachu #057/SV-P - PSA 9,Pokemon Center Taipei,110,2026-05-16 20:55:40,Rebuilt from current inventory.csv; excluded first 4 ARS slabs per user request
CHELLA-GRADED-IMG437,img437.jpg,graded,Pokemon Fan Club #071/066 - PSA 10,Ultra Sun,150,2026-05-16 20:55:40,Rebuilt from current inventory.csv; excluded first 4 ARS slabs per user request
CHELLA-GRADED-IMG470,img470.jpg,graded,Moltres & Zapdos & Articuno GX #SM210 - TAG 10,SM Promos,425,2026-05-16 20:55:40,Rebuilt from current inventory.csv; excluded first 4 ARS slabs per user request
CHELLA-GRADED-IMG471,img471.jpg,graded,Umbreon Gold Star #17/17 - TAG 10,Celebrations 25,350,2026-05-16 20:55:40,Rebuilt from current inventory.csv; excluded first 4 ARS slabs per user request
CHELLA-GRADED-IMG472,img472.jpg,graded,Meowth #192/SV-P - TAG 10,Gen Start Deck,170,2026-05-16 20:55:40,Rebuilt from current inventory.csv; excluded first 4 ARS slabs per user request
CHELLA-GRADED-IMG473,img473.jpg,graded,Glaceon GX #SV55/SV94 - TAG 9,Hidden Fates,40,2026-05-16 20:55:40,Rebuilt from current inventory.csv; excluded first 4 ARS slabs per user request
CHELLA-GRADED-IMG438,img438.jpg,graded,Archaludon #155/142 - PSA 10,Stellar Crown,40,2026-05-16 20:55:40,Rebuilt from current inventory.csv; excluded first 4 ARS slabs per user request
CHELLA-GRADED-IMG440,img440.jpg,graded,Dark Vileplume #13/82 1st Edition - PSA 9,Team Rocket,180,2026-05-16 20:55:40,Rebuilt from current inventory.csv; excluded first 4 ARS slabs per user request
CHELLA-GRADED-IMG444,img444.jpg,graded,M Rayquaza EX #76/108 - PSA 6,Roaring Skies,100,2026-05-16 20:55:40,Rebuilt from current inventory.csv; excluded first 4 ARS slabs per user request
CHELLA-GRADED-IMG441,img441.jpg,graded,M Rayquaza EX #76/108 - PSA 9,Celebrations 25,55,2026-05-16 20:55:40,Rebuilt from current inventory.csv; excluded first 4 ARS slabs per user request
CHELLA-GRADED-IMG442,img442.jpg,graded,M Rayquaza EX #61/108 - PSA 9,Roaring Skies,300,2026-05-16 20:55:40,Rebuilt from current inventory.csv; excluded first 4 ARS slabs per user request
CHELLA-GRADED-IMG443,img443.jpg,graded,Misty's Tentacruel #10/132 1st Edition - PSA 8,Gym Heroes,130,2026-05-16 20:55:40,Rebuilt from current inventory.csv; excluded first 4 ARS slabs per user request
CHELLA-GRADED-IMG445,img445.jpg,graded,Computer Error #16 - PSA 9,WoTC Promos,30,2026-05-16 20:55:40,Rebuilt from current inventory.csv; excluded first 4 ARS slabs per user request
CHELLA-GRADED-IMG446,img446.jpg,graded,Marnie #198/190 - PSA 10,Shiny Star V,150,2026-05-16 20:55:40,Rebuilt from current inventory.csv; excluded first 4 ARS slabs per user request
CHELLA-GRADED-IMG447,img447.jpg,graded,Penny #239/091 - PSA 10,Paldean Fates,120,2026-05-16 20:55:40,Rebuilt from current inventory.csv; excluded first 4 ARS slabs per user request
CHELLA-GRADED-IMG448,img448.jpg,graded,Roxanne #081/067 - PSA 9,Battle Region,45,2026-05-16 20:55:40,Rebuilt from current inventory.csv; excluded first 4 ARS slabs per user request
CHELLA-GRADED-IMG451,img451.jpg,graded,Leafeon #005/131 Masterball - PSA 10,Prismatic Evolutions,175,2026-05-16 20:55:40,Rebuilt from current inventory.csv; excluded first 4 ARS slabs per user request
CHELLA-GRADED-IMG453,img453.jpg,graded,Guzma #056/051 - PSA 9,Darkness That Consumes Light,80,2026-05-16 20:55:40,Rebuilt from current inventory.csv; excluded first 4 ARS slabs per user request
CHELLA-GRADED-IMG454,img454.jpg,graded,Roserade #17/132 - PSA 9,Secret Wonders,90,2026-05-16 20:55:40,Rebuilt from current inventory.csv; excluded first 4 ARS slabs per user request
CHELLA-GRADED-IMG429,img429.jpg,graded,Pikachu VMAX #265/S-P - PSA 9,Corocoro Comic,30,2026-05-16 20:55:40,Rebuilt from current inventory.csv; excluded first 4 ARS slabs per user request
CHELLA-GRADED-IMG458,img458.jpg,graded,Dark Vileplume #13/82 1st Edition - BGS 8.5,Team Rocket,80,2026-05-16 20:55:40,Rebuilt from current inventory.csv; excluded first 4 ARS slabs per user request
CHELLA-GRADED-IMG459,img459.jpg,graded,Dark Magneton #11/82 1st Edition - BGS 9,Team Rocket,375,2026-05-16 20:55:40,Rebuilt from current inventory.csv; excluded first 4 ARS slabs per user request
CHELLA-GRADED-IMG460,img460.jpg,graded,Gyarados #4/123 Cracked Ice - BGS 9,HeartGold SoulSilver,250,2026-05-16 20:55:40,Rebuilt from current inventory.csv; excluded first 4 ARS slabs per user request
CHELLA-GRADED-IMG461,img461.jpg,graded,Milotic #12/101 Reverse Holofoil - BGS 9,Hidden Legends,150,2026-05-16 20:55:40,Rebuilt from current inventory.csv; excluded first 4 ARS slabs per user request
CHELLA-GRADED-IMG462,img462.jpg,graded,Ampharos #1/127 - BGS 8,Platinum,70,2026-05-16 20:55:40,Rebuilt from current inventory.csv; excluded first 4 ARS slabs per user request
CHELLA-GRADED-IMG463,img463.jpg,graded,Zukan Pikachu #134 Holofoil - BGS 9,Bandai Carddass,100,2026-05-16 20:55:40,Rebuilt from current inventory.csv; excluded first 4 ARS slabs per user request
CHELLA-GRADED-IMG464,img464.jpg,graded,Yveltal #018/032 - BGS 9.5,Pokeyun Collection,50,2026-05-16 20:55:40,Rebuilt from current inventory.csv; excluded first 4 ARS slabs per user request
CHELLA-GRADED-IMG465,img465.jpg,graded,Sentret #022/L-P - BGS 9.5,Participation Prize,130,2026-05-16 20:55:40,Rebuilt from current inventory.csv; excluded first 4 ARS slabs per user request
CHELLA-GRADED-IMG466,img466.jpg,graded,Darkness Energy #XYP - BGS 9.5,Golden Present Campaign,300,2026-05-16 20:55:40,Rebuilt from current inventory.csv; excluded first 4 ARS slabs per user request
CHELLA-GRADED-IMG467,img467.jpg,graded,Elesa's Sparkle #246/172 - BGS 9.5,VSTAR Universe,30,2026-05-16 20:55:40,Rebuilt from current inventory.csv; excluded first 4 ARS slabs per user request
CHELLA-GRADED-IMG468,img468.jpg,graded,Klara #082/070 - BGS 9.5,Peerless Fighters,40,2026-05-16 20:55:40,Rebuilt from current inventory.csv; excluded first 4 ARS slabs per user request
CHELLA-GRADED-IMG469,img469.jpg,graded,Candice #113/098 - BGS 9.5,Paradigm Trigger,40,2026-05-16 20:55:40,Rebuilt from current inventory.csv; excluded first 4 ARS slabs per user request
CHELLA-GRADED-IMG525,img525.jpg,graded,Dragonair #182/165 - PSA 10,151,45,2026-05-16 20:55:40,Rebuilt from current inventory.csv; excluded first 4 ARS slabs per user request
CHELLA-GRADED-IMG526,img526.jpg,graded,Galarian Zapdos #188/172 - PSA 10,VSTAR Universe,35,2026-05-16 20:55:40,Rebuilt from current inventory.csv; excluded first 4 ARS slabs per user request
CHELLA-GRADED-IMG527,img527.jpg,graded,Jolteon #193/184 - PSA 10,VMAX Climax,50,2026-05-16 20:55:40,Rebuilt from current inventory.csv; excluded first 4 ARS slabs per user request
CHELLA-GRADED-IMG528,img528.jpg,graded,Scizor #116/108 - PSA 10,Ruler of the Black Flame,50,2026-05-16 20:55:40,Rebuilt from current inventory.csv; excluded first 4 ARS slabs per user request
CHELLA-GRADED-IMG529,img529.jpg,graded,Plusle #065/062 - PSA 10,Raging Surf,40,2026-05-16 20:55:40,Rebuilt from current inventory.csv; excluded first 4 ARS slabs per user request
CHELLA-GRADED-IMG530,img530.jpg,graded,Ninetales #110/108 - PSA 10,Ruler of the Black Flame,55,2026-05-16 20:55:40,Rebuilt from current inventory.csv; excluded first 4 ARS slabs per user request
CHELLA-GRADED-IMG536,img536.jpg,graded,Lugia VSTAR #080/098 - PSA 10,Paradigm Trigger,40,2026-05-16 20:55:40,Rebuilt from current inventory.csv; excluded first 4 ARS slabs per user request
CHELLA-GRADED-IMG539,img539.jpg,graded,Mew ex #151/165 - PSA 10,151,40,2026-05-16 20:55:40,Rebuilt from current inventory.csv; excluded first 4 ARS slabs per user request
CHELLA-GRADED-IMG542,img542.jpg,graded,Jirachi V #025/067 - PSA 10,Time Gazer,50,2026-05-16 20:55:40,Rebuilt from current inventory.csv; excluded first 4 ARS slabs per user request
CHELLA-GRADED-IMG543,img543.jpg,graded,Charizard ex #115/190 - PSA 10,Ruler of the Black Flame,45,2026-05-16 20:55:40,Rebuilt from current inventory.csv; excluded first 4 ARS slabs per user request
CHELLA-GRADED-IMG546,img546.jpg,graded,Snorlax V #045/060 - PSA 10,Shield,55,2026-05-16 20:55:40,Rebuilt from current inventory.csv; excluded first 4 ARS slabs per user request
CHELLA-GRADED-IMG547,img547.jpg,graded,Alolan Ninetales #089/150 - PSA 10,Ultra Shiny GX,45,2026-05-16 20:55:40,Rebuilt from current inventory.csv; excluded first 4 ARS slabs per user request
CHELLA-GRADED-IMG548,img548.jpg,graded,Snorlax #126/184 - PSA 10,VMAX Climax,45,2026-05-16 20:55:40,Rebuilt from current inventory.csv; excluded first 4 ARS slabs per user request
CHELLA-GRADED-IMG549,img549.jpg,graded,Snorlax #058/071 - PSA 10,Dark Phantasma,40,2026-05-16 20:55:40,Rebuilt from current inventory.csv; excluded first 4 ARS slabs per user request
CHELLA-GRADED-IMG550,img550.jpg,graded,Eevee #245/SM-P - PSA 10,GX Start Battle,100,2026-05-16 20:55:40,Rebuilt from current inventory.csv; excluded first 4 ARS slabs per user request
CHELLA-GRADED-IMG551,img551.jpg,graded,Alolan Raichu #016/050 - PSA 10,Ultradimensional Beasts,50,2026-05-16 20:55:40,Rebuilt from current inventory.csv; excluded first 4 ARS slabs per user request
CHELLA-GRADED-IMG552,img552.jpg,graded,Mew #002/028 - PSA 10,Celebrations 25,110,2026-05-16 20:55:40,Rebuilt from current inventory.csv; excluded first 4 ARS slabs per user request
CHELLA-GRADED-IMG553,img553.jpg,graded,Gengar #048/172 - PSA 10,VSTAR Universe,45,2026-05-16 20:55:40,Rebuilt from current inventory.csv; excluded first 4 ARS slabs per user request
CHELLA-GRADED-IMG554,img554.jpg,graded,Mew #037/095 - PSA 10,Double Blaze,75,2026-05-16 20:55:40,Rebuilt from current inventory.csv; excluded first 4 ARS slabs per user request
CHELLA-GRADED-IMG555,img555.jpg,graded,Mewtwo #054/173 - PSA 10,Tag Team All Stars,55,2026-05-16 20:55:40,Rebuilt from current inventory.csv; excluded first 4 ARS slabs per user request
CHELLA-GRADED-IMG556,img556.jpg,graded,Typhlosion #019/095 - PSA 10,Super-Burst Impact,50,2026-05-16 20:55:40,Rebuilt from current inventory.csv; excluded first 4 ARS slabs per user request
CHELLA-GRADED-IMG557,img557.jpg,graded,Charizard #017/184 - PSA 10,VMAX Climax,50,2026-05-16 20:55:40,Rebuilt from current inventory.csv; excluded first 4 ARS slabs per user request
CHELLA-GRADED-IMG558,img558.jpg,graded,Latios & Latias GX #060/095 - PSA 9,Tag Bolt,30,2026-05-16 20:55:40,Rebuilt from current inventory.csv; excluded first 4 ARS slabs per user request
CHELLA-GRADED-IMG559,img559.jpg,graded,Pikachu VMAX #046/184 - PSA 9,VMAX Climax,20,2026-05-16 20:55:40,Rebuilt from current inventory.csv; excluded first 4 ARS slabs per user request
CHELLA-GRADED-IMG560,img560.jpg,graded,Jolteon GX #013/038 - PSA 9,Eevee GX Starter Set,20,2026-05-16 20:55:40,Rebuilt from current inventory.csv; excluded first 4 ARS slabs per user request
CHELLA-GRADED-IMG561,img561.jpg,graded,Radiant Greninja #033/172 - PSA 6,VSTAR Universe,10,2026-05-16 20:55:40,Rebuilt from current inventory.csv; excluded first 4 ARS slabs per user request
CHELLA-GRADED-IMG562,img562.jpg,graded,Suicune #018/060 - PSA 9,Thunderclap Spark,15,2026-05-16 20:55:40,Rebuilt from current inventory.csv; excluded first 4 ARS slabs per user request
CHELLA-GRADED-IMG563,img563.jpg,graded,Latios #070/064 - CGC Pristine 10,Paradise Dragona,50,2026-05-16 20:55:40,Rebuilt from current inventory.csv; excluded first 4 ARS slabs per user request
CHELLA-GRADED-IMG564,img564.jpg,graded,Galarian Zapdos #188/172 - CGC Pristine 10,VSTAR Universe,30,2026-05-16 20:55:40,Rebuilt from current inventory.csv; excluded first 4 ARS slabs per user request
CHELLA-GRADED-IMG565,img565.jpg,graded,Wailord #103/100 - CGC Pristine 10,Battle Partners,30,2026-05-16 20:55:40,Rebuilt from current inventory.csv; excluded first 4 ARS slabs per user request
CHELLA-GRADED-IMG566,img566.jpg,graded,Phione #071/066 - CGC Pristine 10,Crimson Haze,30,2026-05-16 20:55:40,Rebuilt from current inventory.csv; excluded first 4 ARS slabs per user request
CHELLA-GRADED-IMG567,img567.jpg,graded,Jirachi GX #002/031 - CGC Pristine 10,Tag Team GX Starter Deck,60,2026-05-16 20:55:40,Rebuilt from current inventory.csv; excluded first 4 ARS slabs per user request
CHELLA-GRADED-IMG568,img568.jpg,graded,Vaporeon GX #007/038 - CGC Pristine 10,Eevee GX Starter Set,40,2026-05-16 20:55:40,Rebuilt from current inventory.csv; excluded first 4 ARS slabs per user request
CHELLA-GRADED-IMG572,img572.jpg,graded,Greninja Illustration #339/S-P - CGC Pristine 10,Illustration Contest,120,2026-05-16 20:55:40,Rebuilt from current inventory.csv; excluded first 4 ARS slabs per user request
CHELLA-GRADED-IMG574,img574.jpg,graded,Umbreon ex 093/187 - CGC Pristine 10,Terastal Festival,30,2026-05-16 20:55:40,Rebuilt from current inventory.csv; excluded first 4 ARS slabs per user request
CHELLA-GRADED-IMG575,img575.jpg,graded,Cresselia #071/064 - CGC Pristine 10,Night Wanderer,30,2026-05-16 20:55:40,Rebuilt from current inventory.csv; excluded first 4 ARS slabs per user request
CHELLA-GRADED-IMG576,img576.jpg,graded,Leafeon VSTAR #269/S-P - CGC Pristine 10,SWSH Promos,30,2026-05-16 20:55:40,Rebuilt from current inventory.csv; excluded first 4 ARS slabs per user request
CHELLA-GRADED-IMG577,img577.jpg,graded,Celebi VMAX #004/070 - CGC Pristine 10,Jet-Black Spirit,25,2026-05-16 20:55:40,Rebuilt from current inventory.csv; excluded first 4 ARS slabs per user request
CHELLA-GRADED-IMG578,img578.jpg,graded,Greninja V #014/053 - CGC Pristine 10,Pikachu V Deck,30,2026-05-16 20:55:40,Rebuilt from current inventory.csv; excluded first 4 ARS slabs per user request
CHELLA-GRADED-IMG579,img579.jpg,graded,Radiant Greninja #033/172 - CGC Pristine 10,VSTAR Universe,35,2026-05-16 20:55:40,Rebuilt from current inventory.csv; excluded first 4 ARS slabs per user request
CHELLA-GRADED-IMG580,img580.jpg,graded,Vaporeon #134/165 Pokeball Foil - CGC Pristine 10,151,20,2026-05-16 20:55:40,Rebuilt from current inventory.csv; excluded first 4 ARS slabs per user request
CHELLA-GRADED-IMG581,img581.jpg,graded,Snorlax #126/184 - CGC Pristine 10,VMAX Climax,30,2026-05-16 20:55:40,Rebuilt from current inventory.csv; excluded first 4 ARS slabs per user request
CHELLA-GRADED-IMG582,img582.jpg,graded,Mew #002/028 - CGC Pristine 10,Celebrations 25,90,2026-05-16 20:55:40,Rebuilt from current inventory.csv; excluded first 4 ARS slabs per user request
CHELLA-GRADED-IMG583,img583.jpg,graded,Blastoise #023/095 - CGC Pristine 10,Tag Bolt,35,2026-05-16 20:55:40,Rebuilt from current inventory.csv; excluded first 4 ARS slabs per user request
CHELLA-GRADED-IMG584,img584.jpg,graded,Umbreon #070/108 - CGC 10,Ruler of the Black Flame,30,2026-05-16 20:55:40,Rebuilt from current inventory.csv; excluded first 4 ARS slabs per user request
CHELLA-GRADED-IMG586,img586.jpg,graded,Charizard #012/100 - CGC 10,Amazing Volt Tackle,30,2026-05-16 20:55:40,Rebuilt from current inventory.csv; excluded first 4 ARS slabs per user request
CHELLA-GRADED-IMG587,img587.jpg,graded,Jirachi #034/052 - CGC 10,Dark Order,25,2026-05-16 20:55:40,Rebuilt from current inventory.csv; excluded first 4 ARS slabs per user request
CHELLA-GRADED-IMG588,img588.jpg,graded,Eevee #031/SV-P - CGC 10,SV Promos,30,2026-05-16 20:55:40,Rebuilt from current inventory.csv; excluded first 4 ARS slabs per user request
CHELLA-GRADED-IMG589,img589.jpg,graded,Gyarados #028/095 - CGC 10,Tag Bolt,30,2026-05-16 20:55:40,Rebuilt from current inventory.csv; excluded first 4 ARS slabs per user request
CHELLA-GRADED-IMG590,img590.jpg,graded,Mischievous Pichu #214/S-P - CGC 9,SWSH Promos,35,2026-05-16 20:55:40,Rebuilt from current inventory.csv; excluded first 4 ARS slabs per user request
CHELLA-GRADED-IMG598,img598.jpg,graded,Poliwhirl #176/165 - CGC 10,151,40,2026-05-16 20:55:40,Rebuilt from current inventory.csv; excluded first 4 ARS slabs per user request
CHELLA-GRADED-IMG597,img597.jpg,graded,Vaporeon #189/184 - CGC 10,VMAX Climax,25,2026-05-16 20:55:40,Rebuilt from current inventory.csv; excluded first 4 ARS slabs per user request
CHELLA-GRADED-IMG599,img599.jpg,graded,Vaporeon V #015/069 - CGC 10,Eevee Heroes,20,2026-05-16 20:55:40,Rebuilt from current inventory.csv; excluded first 4 ARS slabs per user request
CHELLA-GRADED-IMG592,img592.jpg,graded,Bulbasaur #166/165 - CGC 9,151,30,2026-05-16 20:55:40,Rebuilt from current inventory.csv; excluded first 4 ARS slabs per user request
CHELLA-GRADED-IMG593,img593.jpg,graded,Venusaur VMAX #002/021 - CGC 9,Venusaur VMAX Starter Set,15,2026-05-16 20:55:40,Rebuilt from current inventory.csv; excluded first 4 ARS slabs per user request
CHELLA-GRADED-IMG595,img595.jpg,graded,Mewtwo #035/058 - CGC 9,Incandescent Arcana,15,2026-05-16 20:55:40,Rebuilt from current inventory.csv; excluded first 4 ARS slabs per user request
CHELLA-GRADED-IMG596,img596.jpg,graded,Mewtwo VSTAR #031/71 - CGC 9.5,Pokemon GO,15,2026-05-16 20:55:40,Rebuilt from current inventory.csv; excluded first 4 ARS slabs per user request
CHELLA-GRADED-IMG475,img475.jpg,graded,Toxtricity ex #215 - CGC 9,Illustration Contest,10,2026-05-16 20:55:40,Rebuilt from current inventory.csv; excluded first 4 ARS slabs per user request
CHELLA-GRADED-IMG480,img480.jpg,graded,Chansey Butterfree Vileplume #01 - CGC Pristine 10,Bandai Sealdass,200,2026-05-16 20:55:40,Rebuilt from current inventory.csv; excluded first 4 ARS slabs per user request
CHELLA-GRADED-IMG481,img481.jpg,graded,Arbok ex #187/165 - CGC Pristine 10,151,30,2026-05-16 20:55:40,Rebuilt from current inventory.csv; excluded first 4 ARS slabs per user request
CHELLA-GRADED-IMG428,img428.jpg,graded,Charizard VSTAR #SWSH262 - CGC 9,SWSH Promos,90,2026-05-16 20:55:40,Rebuilt from current inventory.csv; excluded first 4 ARS slabs per user request
CHELLA-GRADED-IMG484,img484.jpg,graded,Archaludon ex #241/191 - CGC 10,Surging Sparks,30,2026-05-16 20:55:40,Rebuilt from current inventory.csv; excluded first 4 ARS slabs per user request
CHELLA-GRADED-IMG485,img485.jpg,graded,Carmine #217/167 - CGC 10,Twilight Masquerade,120,2026-05-16 20:55:40,Rebuilt from current inventory.csv; excluded first 4 ARS slabs per user request
CHELLA-GRADED-IMG486,img486.jpg,graded,Toedscool #080/078 - CGC 9.5,Violet ex,10,2026-05-16 20:55:40,Rebuilt from current inventory.csv; excluded first 4 ARS slabs per user request
CHELLA-GRADED-IMG487,img487.jpg,graded,Bloodmoon Ursaluna ex 216/167 - CGC 10,Twilight Masquerade,60,2026-05-16 20:55:40,Rebuilt from current inventory.csv; excluded first 4 ARS slabs per user request
CHELLA-GRADED-IMG488,img488.jpg,graded,Origin Forme Dialga VSTAR #GG68/GG70 - CGC 10,Crown Zenith,150,2026-05-16 20:55:40,Rebuilt from current inventory.csv; excluded first 4 ARS slabs per user request
CHELLA-GRADED-IMG489,img489.jpg,graded,Team Rocket's Raticate #108/098 - CGC 10,Glory of the Rocket Gang,20,2026-05-16 20:55:40,Rebuilt from current inventory.csv; excluded first 4 ARS slabs per user request
CHELLA-GRADED-IMG490,img490.jpg,graded,Raichu 27/144 - CGC 10,Skyridge,175,2026-05-16 20:55:40,Rebuilt from current inventory.csv; excluded first 4 ARS slabs per user request
CHELLA-GRADED-IMG491,img491.jpg,graded,Heracross 6/111 - CGC 9.5,Neo Genesis,100,2026-05-16 20:55:40,Rebuilt from current inventory.csv; excluded first 4 ARS slabs per user request
CHELLA-GRADED-IMG492,img492.jpg,graded,Extra Rule #03 - CGC 10,Vending Series,70,2026-05-16 20:55:40,Rebuilt from current inventory.csv; excluded first 4 ARS slabs per user request
CHELLA-GRADED-IMG493,img493.jpg,graded,Drowzee Gastly Onix Poliwag #03 - CGC 9.5,Bandai Sealdass,80,2026-05-16 20:55:40,Rebuilt from current inventory.csv; excluded first 4 ARS slabs per user request
CHELLA-GRADED-IMG494,img494.jpg,graded,Lapras Seadra Venonant #02 - CGC 9.5,Bandai Sealdass,80,2026-05-16 20:55:40,Rebuilt from current inventory.csv; excluded first 4 ARS slabs per user request
CHELLA-GRADED-IMG495,img495.jpg,graded,Marshtomp #010/ADV-P - CGC 9,Shogakukan Elementary,60,2026-05-16 20:55:40,Rebuilt from current inventory.csv; excluded first 4 ARS slabs per user request
CHELLA-GRADED-IMG496,img496.jpg,graded,Bronzong #TG11/TG30 Error - CGC 8,Astral Radiance,30,2026-05-16 20:55:40,Rebuilt from current inventory.csv; excluded first 4 ARS slabs per user request
CHELLA-GRADED-IMG497,img497.jpg,graded,Slowking #019/131 Holoshift Error - CGC 8.5,Prismatic Evolutions,100,2026-05-16 20:55:40,Rebuilt from current inventory.csv; excluded first 4 ARS slabs per user request
CHELLA-GRADED-IMG498,img498.jpg,graded,Lightning Energy #109/109 Reverse Holofoil - CGC 10,Ruby & Sapphire,75,2026-05-16 20:55:40,Rebuilt from current inventory.csv; excluded first 4 ARS slabs per user request
CHELLA-GRADED-IMG499,img499.jpg,graded,Burned Tower #078/080 1st Edition - CGC 8,Reviving Legends,30,2026-05-16 20:55:40,Rebuilt from current inventory.csv; excluded first 4 ARS slabs per user request
CHELLA-GRADED-IMG500,img500.jpg,graded,Poliwrath #13/102 - CGC 10,Base,330,2026-05-16 20:55:40,Rebuilt from current inventory.csv; excluded first 4 ARS slabs per user request
CHELLA-GRADED-IMG501,img501.jpg,graded,Alakazam #No. 065 Prism Holo - CGC 7,Bandai Sealdass,25,2026-05-16 20:55:40,Rebuilt from current inventory.csv; excluded first 4 ARS slabs per user request
CHELLA-GRADED-IMG502,img502.jpg,graded,Lt. Surge's Fearow #7/132 1st Edition Ink Error - CGC 6.5,Gym Heroes,125,2026-05-16 20:55:40,Rebuilt from current inventory.csv; excluded first 4 ARS slabs per user request
CHELLA-GRADED-IMG503,img503.jpg,graded,Cheryl 159/163 - CGC 9,Battle Styles,15,2026-05-16 20:55:40,Rebuilt from current inventory.csv; excluded first 4 ARS slabs per user request
CHELLA-GRADED-IMG504,img504.jpg,graded,Cynthia's Ambition #239/172 - CGC 10,VSTAR Universe,80,2026-05-16 20:55:40,Rebuilt from current inventory.csv; excluded first 4 ARS slabs per user request
CHELLA-GRADED-IMG505,img505.jpg,graded,Cynthia's Ambition #178/172 - CGC 10,Brilliant Stars,35,2026-05-16 20:55:40,Rebuilt from current inventory.csv; excluded first 4 ARS slabs per user request
CHELLA-GRADED-IMG506,img506.jpg,graded,Starmie #121 Holofoil - SGC 9,Awakening Legends,50,2026-05-16 20:55:40,Rebuilt from current inventory.csv; excluded first 4 ARS slabs per user request
CHELLA-GRADED-IMG507,img507.jpg,graded,Clefable #1/64 - SGC 8,Jungle Set,40,2026-05-16 20:55:40,Rebuilt from current inventory.csv; excluded first 4 ARS slabs per user request
CHELLA-GRADED-IMG508,img508.jpg,graded,Staryu #004/034 - AGS 10,Classic Collection,10,2026-05-16 20:55:40,Rebuilt from current inventory.csv; excluded first 4 ARS slabs per user request
CHELLA-GRADED-IMG509,img509.jpg,graded,Sandy Shocks ex #083/066 - AGS 10,Ancient Roar,20,2026-05-16 20:55:40,Rebuilt from current inventory.csv; excluded first 4 ARS slabs per user request
CHELLA-GRADED-IMG510,img510.jpg,graded,Dark Magneton 28/82 - AGS 8.5,Team Rocket,10,2026-05-16 20:55:40,Rebuilt from current inventory.csv; excluded first 4 ARS slabs per user request
CHELLA-GRADED-IMG511,img511.jpg,graded,Charmeleon #002/034 - AGS 9.5,Classic Collection,15,2026-05-16 20:55:40,Rebuilt from current inventory.csv; excluded first 4 ARS slabs per user request
CHELLA-SINGLE-SINGLES-0001,singles_0001.jpg,single,Mega Charizard X ex #130 - Near Mint,Phantasmal Flames,350,2026-05-16 20:55:40,Rebuilt from current inventory.csv; excluded first 4 ARS slabs per user request
CHELLA-SINGLE-SINGLES-0003,singles_0003.jpg,single,Special Delivery Bidoof #SWSH177 - Near Mint,SWSH Black Star Promos,430,2026-05-16 20:55:40,Rebuilt from current inventory.csv; excluded first 4 ARS slabs per user request
CHELLA-SINGLE-SINGLES-0005,singles_0005.jpg,single,Reshiram-EX #95 - Heavily Played,Next Destinies,70,2026-05-16 20:55:40,Rebuilt from current inventory.csv; excluded first 4 ARS slabs per user request
CHELLA-SINGLE-SINGLES-0007,singles_0007.jpg,single,Bianca #147 - Heavily Played,Boundaries Crossed,100,2026-05-16 20:55:40,Rebuilt from current inventory.csv; excluded first 4 ARS slabs per user request
CHELLA-SINGLE-SINGLES-0009,singles_0009.jpg,single,Fossil Researcher #110 - Near Mint,Furious Fists,60,2026-05-16 20:55:40,Rebuilt from current inventory.csv; excluded first 4 ARS slabs per user request
CHELLA-SINGLE-SINGLES-0013,singles_0013.jpg,single,Escape Rope #163 - Near Mint,Burning Shadows,15,2026-05-16 20:55:40,Rebuilt from current inventory.csv; excluded first 4 ARS slabs per user request
CHELLA-SINGLE-SINGLES-0015,singles_0015.jpg,single,Goldeen #20 - Masterball Foil - Near Mint,Prismatic Evolutions,5,2026-05-16 20:55:40,Rebuilt from current inventory.csv; excluded first 4 ARS slabs per user request
CHELLA-SINGLE-SINGLES-0019,singles_0019.jpg,single,Dark Tyranitar #20 - Unlimited Normal - Lightly Played,Team Rocket Returns,15,2026-05-16 20:55:40,Rebuilt from current inventory.csv; excluded first 4 ARS slabs per user request
CHELLA-SINGLE-SINGLES-0021,singles_0021.jpg,single,Dark Houndoom #37 - Unlimited Normal - Moderately Played,Team Rocket Returns,10,2026-05-16 20:55:40,Rebuilt from current inventory.csv; excluded first 4 ARS slabs per user request
CHELLA-SINGLE-SINGLES-0023,singles_0023.jpg,single,Dark Marowak #7 - Moderately Played,Team Rocket Returns,4,2026-05-16 20:55:40,Rebuilt from current inventory.csv; excluded first 4 ARS slabs per user request
CHELLA-SINGLE-SINGLES-0025,singles_0025.jpg,single,Dark Magcargo #38 - Unlimited Normal - Lightly Played,Team Rocket Returns,3,2026-05-16 20:55:40,Rebuilt from current inventory.csv; excluded first 4 ARS slabs per user request
CHELLA-SINGLE-SINGLES-0027,singles_0027.jpg,single,Dark Magneton #39 - Unlimited Normal - Lightly Played,Team Rocket Returns,2,2026-05-16 20:55:40,Rebuilt from current inventory.csv; excluded first 4 ARS slabs per user request
CHELLA-SINGLE-SINGLES-0029,singles_0029.jpg,single,Dark Flaaffy #33 - Unlimited Normal - Near Mint,Team Rocket Returns,8,2026-05-16 20:55:40,Rebuilt from current inventory.csv; excluded first 4 ARS slabs per user request
CHELLA-SINGLE-SINGLES-0031,singles_0031.jpg,single,Dark Weezing #42 - Unlimited Normal - Near Mint,Team Rocket Returns,3,2026-05-16 20:55:40,Rebuilt from current inventory.csv; excluded first 4 ARS slabs per user request
CHELLA-SINGLE-SINGLES-0033,singles_0033.jpg,single,Dark Houndoom #37 - Unlimited Normal - Damaged,Team Rocket Returns,7,2026-05-16 20:55:40,Rebuilt from current inventory.csv; excluded first 4 ARS slabs per user request
CHELLA-SINGLE-SINGLES-0035,singles_0035.jpg,single,Lightning Energy #109 - Reverse Holo - Near Mint,Ruby & Sapphire,8,2026-05-16 20:55:40,Rebuilt from current inventory.csv; excluded first 4 ARS slabs per user request
CHELLA-SINGLE-SINGLES-0037,singles_0037.jpg,single,Lightning Energy #106 - Holofoil - Lightly Played,Power Keepers,6,2026-05-16 20:55:40,Rebuilt from current inventory.csv; excluded first 4 ARS slabs per user request
CHELLA-SINGLE-SINGLES-0039,singles_0039.jpg,single,Water Energy #107 - Holofoil - Moderately Played,Holon Phantoms,5,2026-05-16 20:55:40,Rebuilt from current inventory.csv; excluded first 4 ARS slabs per user request
CHELLA-SINGLE-SINGLES-0041,singles_0041.jpg,single,Water Energy #107 - Holofoil - Moderately Played,Holon Phantoms,5,2026-05-16 20:55:40,Rebuilt from current inventory.csv; excluded first 4 ARS slabs per user request
CHELLA-SINGLE-SINGLES-0043,singles_0043.jpg,single,Water Energy #107 - Holofoil - Lightly Played,Holon Phantoms,7,2026-05-16 20:55:40,Rebuilt from current inventory.csv; excluded first 4 ARS slabs per user request
CHELLA-SINGLE-SINGLES-0045,singles_0045.jpg,single,Fire Energy #104 - Holofoil - Lightly Played,Power Keepers,7,2026-05-16 20:55:40,Rebuilt from current inventory.csv; excluded first 4 ARS slabs per user request
CHELLA-SINGLE-SINGLES-0047,singles_0047.jpg,single,Psychic Energy #109 - Holofoil - Moderately Played,Holon Phantoms,6,2026-05-16 20:55:40,Rebuilt from current inventory.csv; excluded first 4 ARS slabs per user request
CHELLA-SINGLE-SINGLES-0049,singles_0049.jpg,single,Empoleon V #145 - Near Mint,Battle Styles,6,2026-05-16 20:55:40,Rebuilt from current inventory.csv; excluded first 4 ARS slabs per user request
CHELLA-SINGLE-SINGLES-0051,singles_0051.jpg,single,Charizard #13 - Reverse Holo - Near Mint,Tag Bolt,12,2026-05-16 20:55:40,Rebuilt from current inventory.csv; excluded first 4 ARS slabs per user request
CHELLA-SINGLE-SINGLES-0053,singles_0053.jpg,single,Charizard #13 - Reverse Holo - Near Mint,Tag Bolt,12,2026-05-16 20:55:40,Rebuilt from current inventory.csv; excluded first 4 ARS slabs per user request
CHELLA-SINGLE-SINGLES-0055,singles_0055.jpg,single,Eevee #100/S-P - Near Mint,Start Battle,8,2026-05-16 20:55:40,Rebuilt from current inventory.csv; excluded first 4 ARS slabs per user request
CHELLA-SINGLE-SINGLES-0057,singles_0057.jpg,single,Eevee #100/S-P - Near Mint,Start Battle,8,2026-05-16 20:55:40,Rebuilt from current inventory.csv; excluded first 4 ARS slabs per user request
CHELLA-SINGLE-SINGLES-0059,singles_0059.jpg,single,Poliwrath #62 - Lightly Played,Topps Chrome,10,2026-05-16 20:55:40,Rebuilt from current inventory.csv; excluded first 4 ARS slabs per user request
CHELLA-SINGLE-SINGLES-0061,singles_0061.jpg,single,Drowzee #96 - Near Mint,Topps Chrome,15,2026-05-16 20:55:40,Rebuilt from current inventory.csv; excluded first 4 ARS slabs per user request
CHELLA-SINGLE-SINGLES-0063,singles_0063.jpg,single,Venonat #48 - Lightly Played,Topps Chrome,10,2026-05-16 20:55:40,Rebuilt from current inventory.csv; excluded first 4 ARS slabs per user request
CHELLA-SINGLE-SINGLES-0065,singles_0065.jpg,single,Grimer #88 - Near Mint,Topps Chrome,15,2026-05-16 20:55:40,Rebuilt from current inventory.csv; excluded first 4 ARS slabs per user request
CHELLA-SINGLE-SINGLES-0067,singles_0067.jpg,single,Ekans #23 - Spectra Chrome - Near Mint,Topps Chrome,20,2026-05-16 20:55:40,Rebuilt from current inventory.csv; excluded first 4 ARS slabs per user request
CHELLA-SINGLE-SINGLES-0069,singles_0069.jpg,single,Dugtrio #51 - Lightly Played,Topps,5,2026-05-16 20:55:40,Rebuilt from current inventory.csv; excluded first 4 ARS slabs per user request
CHELLA-SINGLE-SINGLES-0071,singles_0071.jpg,single,Ekans #23 - Near Mint,Topps,5,2026-05-16 20:55:40,Rebuilt from current inventory.csv; excluded first 4 ARS slabs per user request
CHELLA-SINGLE-SINGLES-0073,singles_0073.jpg,single,Rapidash #078 - Near Mint,Bandai,7,2026-05-16 20:55:40,Rebuilt from current inventory.csv; excluded first 4 ARS slabs per user request
CHELLA-SINGLE-SINGLES-0075,singles_0075.jpg,single,Kadabra #064 - Near Mint,Bandai,10,2026-05-16 20:55:40,Rebuilt from current inventory.csv; excluded first 4 ARS slabs per user request
CHELLA-SINGLE-SINGLES-0077,singles_0077.jpg,single,Poliwrath #062 - Green Back - Moderately Played,Topsun,7,2026-05-16 20:55:40,Rebuilt from current inventory.csv; excluded first 4 ARS slabs per user request
CHELLA-SINGLE-SINGLES-0079,singles_0079.jpg,single,Tornadus EX #230/BW-P - Near Mint,Battle Boost,25,2026-05-16 20:55:40,Rebuilt from current inventory.csv; excluded first 4 ARS slabs per user request
CHELLA-SINGLE-SINGLES-0083,singles_0083.jpg,single,Terrakion #030 - Reverse Holofoil - Near Mint,Waku Waku Battle,15,2026-05-16 20:55:40,Rebuilt from current inventory.csv; excluded first 4 ARS slabs per user request
CHELLA-SINGLE-SINGLES-0085,singles_0085.jpg,single,Electabuzz #095 - Reverse Holofoil - Lightly Played,Galactic Conquest,15,2026-05-16 20:55:40,Rebuilt from current inventory.csv; excluded first 4 ARS slabs per user request
CHELLA-SINGLE-SINGLES-0087,singles_0087.jpg,single,Luxio #103/BW-P - Near Mint,Psycho Drive Hail Blizzard,8,2026-05-16 20:55:40,Rebuilt from current inventory.csv; excluded first 4 ARS slabs per user request
CHELLA-SINGLE-SINGLES-0089,singles_0089.jpg,single,Dedenne #013/XY-P - Near Mint,XY Promos,10,2026-05-16 20:55:40,Rebuilt from current inventory.csv; excluded first 4 ARS slabs per user request
CHELLA-SINGLE-SINGLES-0091,singles_0091.jpg,single,Lilligant #062/BW-P - Near Mint,Kids Special Toy,5,2026-05-16 20:55:40,Rebuilt from current inventory.csv; excluded first 4 ARS slabs per user request
CHELLA-SINGLE-SINGLES-0099,singles_0099.jpg,single,Aroma Lady #081/063 - Rainbow - Near Mint,Eevee Heroes,5,2026-05-16 20:55:40,Rebuilt from current inventory.csv; excluded first 4 ARS slabs per user request
CHELLA-SINGLE-SINGLES-0101,singles_0101.jpg,single,Charizard #013 - Reverse Holofoil - Near Mint,Tag Bolt,12,2026-05-16 20:55:40,Rebuilt from current inventory.csv; excluded first 4 ARS slabs per user request
CHELLA-SINGLE-SINGLES-0103,singles_0103.jpg,single,Pokémon Reversal #87 - Reverse Holo - Moderately Played,Ruby & Sapphire,3,2026-05-16 20:55:40,Rebuilt from current inventory.csv; excluded first 4 ARS slabs per user request
CHELLA-SINGLE-SINGLES-0105,singles_0105.jpg,single,Professor Birch #89 - Reverse Holo - Near Mint,Ruby & Sapphire,4,2026-05-16 20:55:40,Rebuilt from current inventory.csv; excluded first 4 ARS slabs per user request
CHELLA-SINGLE-SINGLES-0107,singles_0107.jpg,single,Energy Restore #81 - Reverse Holo - Near Mint,Ruby & Sapphire,3,2026-05-16 20:55:40,Rebuilt from current inventory.csv; excluded first 4 ARS slabs per user request
CHELLA-SINGLE-SINGLES-0109,singles_0109.jpg,single,Rayquaza #215/XY-P - Moderately Played,XY Promos,50,2026-05-16 20:55:40,Rebuilt from current inventory.csv; excluded first 4 ARS slabs per user request
CHELLA-SINGLE-SINGLES-0111,singles_0111.jpg,single,Tealmask Ogerpon ex #234/187 - Gold Rares - Near Mint,Terastal Festival,6,2026-05-16 20:55:40,Rebuilt from current inventory.csv; excluded first 4 ARS slabs per user request
CHELLA-SINGLE-SINGLES-0113,singles_0113.jpg,single,Bianca's Devotion #197 - Near Mint,Temporal Forces,4,2026-05-16 20:55:40,Rebuilt from current inventory.csv; excluded first 4 ARS slabs per user request
CHELLA-SINGLE-SINGLES-0115,singles_0115.jpg,single,Janine's Secret Art #88 - Near Mint,Shrouded Fable,3,2026-05-16 20:55:40,Rebuilt from current inventory.csv; excluded first 4 ARS slabs per user request
CHELLA-SINGLE-SINGLES-0117,singles_0117.jpg,single,Arven's Mabostiff ex #081/063 - Near Mint,Heatwave Arena,3,2026-05-16 20:55:40,Rebuilt from current inventory.csv; excluded first 4 ARS slabs per user request
CHELLA-SINGLE-SINGLES-0119,singles_0119.jpg,single,Keldeo ex #161/086 - Near Mint,White Flare,3,2026-05-16 20:55:40,Rebuilt from current inventory.csv; excluded first 4 ARS slabs per user request
CHELLA-SINGLE-SINGLES-0121,singles_0121.jpg,single,Thundurus #244/190 - Near Mint,Shiny Treasure,2,2026-05-16 20:55:40,Rebuilt from current inventory.csv; excluded first 4 ARS slabs per user request
CHELLA-SINGLE-SINGLES-0123,singles_0123.jpg,single,Electrike #073/063 - Near Mint,Heatwave Arena,2,2026-05-16 20:55:40,Rebuilt from current inventory.csv; excluded first 4 ARS slabs per user request
CHELLA-SINGLE-SINGLES-0125,singles_0125.jpg,single,Electrike #073/063 - Near Mint,Heatwave Arena,2,2026-05-16 20:55:40,Rebuilt from current inventory.csv; excluded first 4 ARS slabs per user request
CHELLA-SINGLE-SINGLES-0127,singles_0127.jpg,single,Houndoom #066/064 - Near Mint,Night Wanderer,10,2026-05-16 20:55:40,Rebuilt from current inventory.csv; excluded first 4 ARS slabs per user request
CHELLA-SINGLE-SINGLES-0129,singles_0129.jpg,single,Simisear #099/086 - Near Mint,Black Bolt,10,2026-05-16 20:55:40,Rebuilt from current inventory.csv; excluded first 4 ARS slabs per user request
CHELLA-SINGLE-SINGLES-0131,singles_0131.jpg,single,Lycanroc #107/100 - Near Mint,Battle Partners,3,2026-05-16 20:55:40,Rebuilt from current inventory.csv; excluded first 4 ARS slabs per user request
CHELLA-SINGLE-SINGLES-0133,singles_0133.jpg,single,Joltik #108/102 - Near Mint,Stellar Miracle,4,2026-05-16 20:55:40,Rebuilt from current inventory.csv; excluded first 4 ARS slabs per user request
CHELLA-SINGLE-SINGLES-0135,singles_0135.jpg,single,Raboot #106/102 - Near Mint,Stellar Miracle,3,2026-05-16 20:55:40,Rebuilt from current inventory.csv; excluded first 4 ARS slabs per user request
CHELLA-SINGLE-SINGLES-0137,singles_0137.jpg,single,Raboot #106/102 - Near Mint,Stellar Miracle,3,2026-05-16 20:55:40,Rebuilt from current inventory.csv; excluded first 4 ARS slabs per user request
CHELLA-SINGLE-SINGLES-0139,singles_0139.jpg,single,Houndstone 073/063 - Near Mint,Mega Symphonia,3,2026-05-16 20:55:40,Rebuilt from current inventory.csv; excluded first 4 ARS slabs per user request
CHELLA-SINGLE-SINGLES-0141,singles_0141.jpg,single,Archaludon #113/102 - Near Mint,Stellar Miracle,3,2026-05-16 20:55:40,Rebuilt from current inventory.csv; excluded first 4 ARS slabs per user request
CHELLA-SINGLE-SINGLES-0143,singles_0143.jpg,single,Garganacl #070/063 - Near Mint,Mega Brave,2,2026-05-16 20:55:40,Rebuilt from current inventory.csv; excluded first 4 ARS slabs per user request
CHELLA-SINGLE-SINGLES-0145,singles_0145.jpg,single,Orthworm #081/071 - Near Mint,Snow Hazard,3,2026-05-16 20:55:40,Rebuilt from current inventory.csv; excluded first 4 ARS slabs per user request
CHELLA-SINGLE-SINGLES-0147,singles_0147.jpg,single,Spearow #074/063 - Near Mint,Mega Brave,3,2026-05-16 20:55:40,Rebuilt from current inventory.csv; excluded first 4 ARS slabs per user request
CHELLA-SINGLE-SINGLES-0149,singles_0149.jpg,single,Mr. Mime #179/165 - Near Mint,151,4,2026-05-16 20:55:40,Rebuilt from current inventory.csv; excluded first 4 ARS slabs per user request
CHELLA-SINGLE-SINGLES-0151,singles_0151.jpg,single,Floragato #076/073 - Near Mint,Triple Beat,7,2026-05-16 20:55:40,Rebuilt from current inventory.csv; excluded first 4 ARS slabs per user request
CHELLA-SINGLE-SINGLES-0153,singles_0153.jpg,single,Floragato #076/073 - Near Mint,Triple Beat,7,2026-05-16 20:55:40,Rebuilt from current inventory.csv; excluded first 4 ARS slabs per user request
CHELLA-SINGLE-SINGLES-0155,singles_0155.jpg,single,Tangela #178/165 - Near Mint,151,3,2026-05-16 20:55:40,Rebuilt from current inventory.csv; excluded first 4 ARS slabs per user request
CHELLA-SINGLE-SINGLES-0157,singles_0157.jpg,single,Manaphy 178/172 - Near Mint,VSTAR Universe,3,2026-05-16 20:55:40,Rebuilt from current inventory.csv; excluded first 4 ARS slabs per user request
CHELLA-SINGLE-SINGLES-0159,singles_0159.jpg,single,Zigzagoon #89 - Lightly Played,Topps Advanced,5,2026-05-16 20:55:40,Rebuilt from current inventory.csv; excluded first 4 ARS slabs per user request
CHELLA-SINGLE-SINGLES-0161,singles_0161.jpg,single,Clefable #41 - Unlimited Normal - Damaged,Expedition Base Set,1,2026-05-16 20:55:40,Rebuilt from current inventory.csv; excluded first 4 ARS slabs per user request
CHELLA-SINGLE-SINGLES-0163,singles_0163.jpg,single,Kadabra #84 - Unlimited Normal - Damaged,Expedition Base Set,1,2026-05-16 20:55:40,Rebuilt from current inventory.csv; excluded first 4 ARS slabs per user request
CHELLA-SINGLE-SINGLES-0165,singles_0165.jpg,single,Abra #93 - Unlimited Normal - Damaged,Expedition Base Set,1,2026-05-16 20:55:40,Rebuilt from current inventory.csv; excluded first 4 ARS slabs per user request
CHELLA-SINGLE-SINGLES-0167,singles_0167.jpg,single,Abra #93 - Unlimited Normal - Damaged,Expedition Base Set,1,2026-05-16 20:55:40,Rebuilt from current inventory.csv; excluded first 4 ARS slabs per user request
CHELLA-SINGLE-SINGLES-0169,singles_0169.jpg,single,Doduo #73 - Unlimited Normal - Near Mint,Aquapolis,3,2026-05-16 20:55:40,Rebuilt from current inventory.csv; excluded first 4 ARS slabs per user request
CHELLA-SINGLE-SINGLES-0171,singles_0171.jpg,single,Juggler #126 - Unlimited Normal - Near Mint,Aquapolis,2,2026-05-16 20:55:40,Rebuilt from current inventory.csv; excluded first 4 ARS slabs per user request
CHELLA-SINGLE-SINGLES-0173,singles_0173.jpg,single,Charmander δ #49 - Unlimited Normal - Near Mint,Crystal Guardians,5,2026-05-16 20:55:40,Rebuilt from current inventory.csv; excluded first 4 ARS slabs per user request
CHELLA-SINGLE-SINGLES-0175,singles_0175.jpg,single,Togepi δ #41 - Unlimited Normal - Near Mint,Dragon Frontiers,5,2026-05-16 20:55:40,Rebuilt from current inventory.csv; excluded first 4 ARS slabs per user request
CHELLA-SINGLE-SINGLES-0177,singles_0177.jpg,single,Kingler δ #22 - Unlimited Normal - Moderately Played,Crystal Guardians,2,2026-05-16 20:55:40,Rebuilt from current inventory.csv; excluded first 4 ARS slabs per user request
CHELLA-SINGLE-SINGLES-0179,singles_0179.jpg,single,Pelipper δ #14 - Unlimited Normal - Lightly Played,POP Series 5,1,2026-05-16 20:55:40,Rebuilt from current inventory.csv; excluded first 4 ARS slabs per user request
CHELLA-SINGLE-SINGLES-0181,singles_0181.jpg,single,Pidgeotto δ #49 - Unlimited Normal - Moderately Played,Holon Phantoms,2,2026-05-16 20:55:40,Rebuilt from current inventory.csv; excluded first 4 ARS slabs per user request
CHELLA-SINGLE-SINGLES-0183,singles_0183.jpg,single,Meowth δ #11 - Lightly Played,POP Series 5,10,2026-05-16 20:55:40,Rebuilt from current inventory.csv; excluded first 4 ARS slabs per user request
CHELLA-SINGLE-SINGLES-0185,singles_0185.jpg,single,Mareep #58 - Unlimited - Damaged,Neo Discovery,1,2026-05-16 20:55:40,Rebuilt from current inventory.csv; excluded first 4 ARS slabs per user request
CHELLA-SINGLE-SINGLES-0187,singles_0187.jpg,single,Arcanine #23 - Damaged,Base,1,2026-05-16 20:55:40,Rebuilt from current inventory.csv; excluded first 4 ARS slabs per user request
CHELLA-SINGLE-SINGLES-0189,singles_0189.jpg,single,Gastly #50 - Moderately Played,Base,1,2026-05-16 20:55:40,Rebuilt from current inventory.csv; excluded first 4 ARS slabs per user request
CHELLA-SINGLE-SINGLES-0191,singles_0191.jpg,single,Zekrom #51 - Unlimited Holofoil - Heavily Played,Legendary Treasures,2,2026-05-16 20:55:40,Rebuilt from current inventory.csv; excluded first 4 ARS slabs per user request
"CHELLA-GRADED-IMG611","img611.jpg","graded","Charizard Lizardon #No. 006 - ARS 9","Sealdass Prism","400","2026-05-16 16:57:18","Imported from eBay result report: ebay_upload_new_items-May-2026-16-01-56-57-12318786567.csv"
"CHELLA-GRADED-IMG613","img613.jpg","graded","Cramorant #226/S-P - ARS 10","Stamp Box Promo","900","2026-05-16 16:57:18","Imported from eBay result report: ebay_upload_new_items-May-2026-16-01-56-57-12318786567.csv"
"CHELLA-GRADED-IMG615","img615.jpg","graded","Snorlax #143 - ARS 9","CD Promo","500","2026-05-16 16:57:18","Imported from eBay result report: ebay_upload_new_items-May-2026-16-01-56-57-12318786567.csv"
"CHELLA-GRADED-IMG617","img617.jpg","graded","Blastoise #003/032 - ARS 10","Classic Collection","175","2026-05-16 16:57:18","Imported from eBay result report: ebay_upload_new_items-May-2026-16-01-56-57-12318786567.csv"
