"filename","type","name","set","price","back_filename"
"img620.jpg","graded","Feraligatr #213 - TAG 10","Illustration Contest","50",""
"img621.jpg","graded","Ivysaur #167/165 - TAG 10","151","100",""
"img622.jpg","graded","Pidove #153/086 - TAG 10","Black Bolt","50",""
"img625.jpg","graded","Smeargle #073/063 - TAG 10","Incandescent Arcana","45",""
"img626.jpg","graded","N's Reshiram #109/100 - CGC 10 Pristine","Battle Partners","45",""
"img627.jpg","graded","Kabutops Holo #4/99 - CGC 8","Arceus","25",""
"img628.jpg","graded","Mew #2019 - CGC 10","Old Maid","20",""
"img629.jpg","graded","Lapras #072/063 - TAG 9","Heat Wave Arena","30",""
"img630.jpg","graded","Scream Tail #071/066 - CGC 9","Ancient Roar","10",""
"img631.jpg","graded","N's Reshiram #109/100 - PSA 8","Battle Partners","15",""
"img632.jpg","graded","Alolan Exeggutor ex #248/191 - PSA 9","Surging Sparks","20",""
"img633.jpg","graded","Dark Sylveon V #SWSH134 - PSA 9","Celebrations 25","20",""
"img634.jpg","graded","Gyarados VMAX #021/067 - PSA 9","Blue Sky Stream","15",""
"img635.jpg","graded","Eevee ex #126/187 - CGC 10","Terastal Festival","25",""
"img636.jpg","graded","Mamoswine ex #079/159 - CGC 10","Journey Together","15",""
"img637.jpg","graded","Noibat #111/100 - TAG 9","Battle Partners","15",""
"img638.jpg","graded","Stunfisk #113/106 - CGC 9","Super Electric Breaker","10",""
"img639.jpg","graded","Crustle #067/063 - CGC 9","Heat Wave Arena","7",""
"img640.jpg","graded","Larvesta #108/106 - CGC 8","Super Electric Breaker","8",""
"img641.jpg","graded","Jirachi V #025/067 - CGC 8.5","Time Gazer","10",""
"img642.jpg","graded","Sinistcha ex #023/167 - CGC 9","Twilight Masquerade","5",""
"singles_0615.jpg","singles","Arceus & Dialga & Palkia GX #002/019 - Chinese - Near Mint","Tag Team GX","60","singles_0616.jpg"
"singles_0619.jpg","singles","Mega Venusaur ex #087/063 - Korean - Near Mint","Mega Brave","50","singles_0620.jpg"
"singles_0621.jpg","singles","Misty's Psyduck #071/063 - Near Mint","Heat Wave Arena","35","singles_0622.jpg"
"singles_0623.jpg","singles","Mega Clefable ex #112/080 - Korean - Near Mint","Nihil Zero","30","singles_0624.jpg"
"singles_0625.jpg","singles","Mega Charizard X ex #109 - Near Mint","Phantasmal Flames","40","singles_0626.jpg"
"singles_0627.jpg","singles","Mega Charizard X ex #109 - Near Mint","Phantasmal Flames","40","singles_0628.jpg"
"singles_0631.jpg","singles","N's Zekrom #031 - Near Mint","Mega Evolution promo","10","singles_0632.jpg"
"singles_0633.jpg","singles","Charizard ex #74 - Near Mint","Scarlet & Violet Black Star Promos","25","singles_0634.jpg"
"singles_0635.jpg","singles","Team Rocket's Mimikyu #205/193 - Near Mint","Mega Dream","6","singles_0636.jpg"
"singles_0637.jpg","singles","Mewtwo #183/165 - Near Mint","151","30","singles_0638.jpg"
"singles_0639.jpg","singles","Psyduck #175/165 - Near Mint","151","30","singles_0640.jpg"
"singles_0641.jpg","singles","Wellspring Mask Ogerpon ex #127/101 - Near Mint","Mask of Change","18","singles_0642.jpg"
"singles_0643.jpg","singles","Vaporeon V #075/069 - Chinese - Near Mint","Eevee Heroes","40","singles_0644.jpg"
"singles_0645.jpg","singles","Vaporeon V #138/132 - Chinese - Near Mint","Eevee Heroes","12","singles_0646.jpg"
"singles_0647.jpg","singles","Jolteon V #143/132 - Chinese - Near Mint","Eevee Heroes","10","singles_0648.jpg"
"singles_0649.jpg","singles","Leafeon V #070/069 - Chinese - Near Mint","Eevee Heroes","10","singles_0650.jpg"
"singles_0651.jpg","singles","Mega Diancie ex #267 - Near Mint","Ascended Heroes","11","singles_0652.jpg"
"singles_0655.jpg","singles","Mega Camerupt ex #156 - Near Mint","Mega Evolution","3","singles_0656.jpg"
"singles_0657.jpg","singles","Mega Lucario ex #228/193 - Near Mint","Mega Dream","15","singles_0658.jpg"
"singles_0659.jpg","singles","Mega Hawlucha ex #229/193 - Near Mint","Mega Dream","6","singles_0660.jpg"
"singles_0661.jpg","singles","Mega Diancie ex #227/193 - Near Mint","Mega Dream","4","singles_0662.jpg"
"singles_0663.jpg","singles","Mega Starmie ex #095/080 - Korean - Near Mint","Mega Dream","5","singles_0664.jpg"
"singles_0665.jpg","singles","Mega Eelektross ex #235/193 - Near Mint","Mega Dream","10","singles_0666.jpg"
"singles_0667.jpg","singles","Hearthflame Ogerpon ex #126/101 - Near Mint","Mask of Change","8","singles_0668.jpg"
"singles_0669.jpg","singles","Mega Latios ex #079/063 - Near Mint","Mega Symphonia","5","singles_0670.jpg"
"singles_0671.jpg","singles","Mega Dragalge ex #102/083 - Near Mint","Ninja Spinner","5","singles_0672.jpg"
"singles_0673.jpg","singles","Mega Kangaskhan ex #080/063 - Korean - Near Mint","Mega Symphonia","3","singles_0674.jpg"
"singles_0675.jpg","singles","Irida #GG63 - Near Mint","Crown Zenith Galarian Gallery","8","singles_0676.jpg"
"singles_0677.jpg","singles","Naganadel & Guzzlord-GX #158 - Near Mint","Cosmic Eclipse","11","singles_0678.jpg"
"singles_0679.jpg","singles","Buzzwole & Pheromosa GX #001/173 - Near Mint","Tag Team GX","4","singles_0680.jpg"
"singles_0681.jpg","singles","Captain Pikachu #0704/09 - Near Mint","Gem Pack Vol. 1","5","singles_0682.jpg"
"singles_0683.jpg","singles","Pikachu #051/162 - Near Mint","Pokemon Day Promo","10","singles_0684.jpg"
"singles_0685.jpg","singles","Eevee #074/131 - Near Mint","Pokemon Day Promo","5","singles_0686.jpg"
"singles_0687.jpg","singles","Greninja Star #SWSH144 - Near Mint","SWSH Black Star Promos","30","singles_0688.jpg"
"singles_0689.jpg","singles","Greninja Star #SWSH144 - Near Mint","SWSH Black Star Promos","30","singles_0690.jpg"
"singles_0691.jpg","singles","Radiant Charizard #015/172 - Near Mint","VSTAR Universe","8","singles_0692.jpg"
"singles_0693.jpg","singles","Radiant Eevee #SWSH230 - Near Mint","SWSH Black Star Promos","22","singles_0694.jpg"
"singles_0695.jpg","singles","Radiant Greninja #46 - Near Mint","Astral Radiance","4","singles_0696.jpg"
"singles_0697.jpg","singles","Radiant Greninja #46 - Near Mint","Astral Radiance","4","singles_0698.jpg"
"singles_0699.jpg","singles","Radiant Venusaur #4 - Near Mint","Pokémon GO","11","singles_0700.jpg"
"singles_0701.jpg","singles","Radiant Steelix #124 - Near Mint","Lost Origin","2","singles_0702.jpg"
"singles_0703.jpg","singles","Gengar VMAX #073/132 - Korean - Near Mint","Sword & Shield","15","singles_0704.jpg"
"singles_0705.jpg","singles","Gengar VMAX #073/132 - Korean - Near Mint","Sword & Shield","15","singles_0706.jpg"
"singles_0707.jpg","singles","Eevee #173 - Near Mint","Scarlet & Violet Promos","15","singles_0708.jpg"
"singles_0709.jpg","singles","Thundurus #209 - Near Mint","Scarlet & Violet Promos","3","singles_0710.jpg"
"singles_0711.jpg","singles","Thundurus #209 - Near Mint","Scarlet & Violet Promos","3","singles_0712.jpg"
"singles_0713.jpg","singles","Thundurus #209 - Near Mint","Scarlet & Violet Promos","3","singles_0714.jpg"
"singles_0715.jpg","singles","Tornadus #210 - Near Mint","Scarlet & Violet Promos","2","singles_0716.jpg"
"singles_0717.jpg","singles","Team Rocket's Murkrow #200 - Near Mint","Destined Rivals","10","singles_0718.jpg"
"singles_0719.jpg","singles","Team Rocket's Murkrow #200 - Near Mint","Destined Rivals","10","singles_0720.jpg"
"singles_0721.jpg","singles","Pyroar #200 - Near Mint","Paldea Evolved","12","singles_0722.jpg"
"singles_0725.jpg","singles","Hydrapple #188 - Near Mint","Destined Rivals","4","singles_0726.jpg"
"singles_0727.jpg","singles","Dustox #220 - Near Mint","Ascended Heroes","4","singles_0728.jpg"
"singles_0729.jpg","singles","N's Zorua #189 - Near Mint","Scarlet & Violet Promos","13","singles_0730.jpg"
"singles_0731.jpg","singles","Team Rocket's Orbeetle #198 - Near Mint","Destined Rivals","5","singles_0732.jpg"
"singles_0733.jpg","singles","Raticate #99 - Near Mint","Perfect Order","5","singles_0734.jpg"
"singles_0735.jpg","singles","Ambipom #107 - Near Mint","Phantasmal Flames","2","singles_0736.jpg"
"singles_0737.jpg","singles","Toxtricity #103 - Near Mint","Phantasmal Flames","2","singles_0738.jpg"
"singles_0739.jpg","singles","Toxtricity #103 - Near Mint","Phantasmal Flames","2","singles_0740.jpg"
"singles_0741.jpg","singles","Gothitelle #211 - Near Mint","Scarlet & Violet Promos","6","singles_0742.jpg"
"singles_0743.jpg","singles","Gothorita #125 - Near Mint","White Flare","15","singles_0744.jpg"
"singles_0745.jpg","singles","Simisage #90 - Near Mint","Black Bolt","9","singles_0746.jpg"
"singles_0747.jpg","singles","Pansage #89 - Near Mint","Black Bolt","13","singles_0748.jpg"
"singles_0749.jpg","singles","Wigglytuff #105 - Near Mint","Phantasmal Flames","7","singles_0750.jpg"
"singles_0751.jpg","singles","Milcery #152 - Near Mint","Stellar Crown","17","singles_0752.jpg"
"singles_0753.jpg","singles","Spewpa #89 - Near Mint","Perfect Order","3","singles_0754.jpg"
"singles_0755.jpg","singles","Yamper #99 - Near Mint","Phantasmal Flames","3","singles_0756.jpg"
"singles_0757.jpg","singles","Garganacl #202 - Near Mint","Paradox Rift","4","singles_0758.jpg"
"singles_0759.jpg","singles","Pawmi #226 - Near Mint","Paldean Fates","3","singles_0760.jpg"
"singles_0761.jpg","singles","Toxtricity #GG09 - Near Mint","Crown Zenith Galarian Gallery","3","singles_0762.jpg"
"singles_0763.jpg","singles","Abomasnow #TG01 - Near Mint","Astral Radiance Trainer Gallery","2","singles_0764.jpg"
"singles_0765.jpg","singles","Hoothoot #TG12 - Near Mint","Astral Radiance Trainer Gallery","8","singles_0766.jpg"
"singles_0767.jpg","singles","Octillery #TG03 - Near Mint","Brilliant Stars Trainer Gallery","3","singles_0768.jpg"
"singles_0769.jpg","singles","Parasect #TG01 - Near Mint","Lost Origin Trainer Gallery","4","singles_0770.jpg"
"singles_0771.jpg","singles","Malamar #TG06 - Near Mint","Silver Tempest Trainer Gallery","2","singles_0772.jpg"
"singles_0773.jpg","singles","N's Zekrom #210/193 - Near Mint","Mega Dream","10","singles_0774.jpg"
"singles_0775.jpg","singles","Xerneas #089/083 - Near Mint","Ninja Spinner","8","singles_0776.jpg"
"singles_0777.jpg","singles","Cobalion #149/086 - Near Mint","Black Bolt","7","singles_0778.jpg"
"singles_0779.jpg","singles","Meloetta #022/021 - Near Mint","Mega Starter Set","7","singles_0780.jpg"
"singles_0781.jpg","singles","Articuno #102/100 - Near Mint","Battle Partners","10","singles_0782.jpg"
"singles_0783.jpg","singles","Rocket's Persian #075/064 - Near Mint","Night Wanderer","10","singles_0784.jpg"
"singles_0785.jpg","singles","Iono's Kilowatrel #104/100 - Near Mint","Battle Partners","5","singles_0786.jpg"
"singles_0787.jpg","singles","Rowlet #082/080 - Near Mint","Nihil Zero","5","singles_0788.jpg"
"singles_0789.jpg","singles","Ceruledge #109/106 - Near Mint","Super Electric Breaker","7","singles_0790.jpg"
"singles_0791.jpg","singles","Ceruledge #109/106 - Near Mint","Super Electric Breaker","7","singles_0792.jpg"
"singles_0793.jpg","singles","Jolteon #193/184 - Near Mint","VMAX Climax","10","singles_0794.jpg"
"singles_0795.jpg","singles","Kangaskhan #110/098 - Near Mint","Glory of Team Rocket","7","singles_0796.jpg"
"singles_0797.jpg","singles","Doublade #091/080 - Near Mint","Nihil Zero","5","singles_0798.jpg"
"singles_0799.jpg","singles","Riolu #068/063 - Near Mint","Mega Brave","6","singles_0800.jpg"
"singles_0801.jpg","singles","Tyrunt #089/080 - Near Mint","Nihil Zero","5","singles_0802.jpg"
"singles_0803.jpg","singles","Spiritomb #071/063 - Near Mint","Mega Brave","2","singles_0804.jpg"
"singles_0805.jpg","singles","Electivire #180/172 - Near Mint","VSTAR Universe","5","singles_0806.jpg"
"singles_0807.jpg","singles","Ludicolo #081/080 - Near Mint","Inferno X","3","singles_0808.jpg"
"singles_0809.jpg","singles","Fennekin #085/083 - Near Mint","Ninja Spinner","5","singles_0810.jpg"
"singles_0811.jpg","singles","Trevenant #204/193 - Near Mint","Mega Dream","2","singles_0812.jpg"
"singles_0813.jpg","singles","Froslass #104/101 - Near Mint","Transformation Mask","3","singles_0814.jpg"
"singles_0815.jpg","singles","Froslass #104/101 - Near Mint","Transformation Mask","3","singles_0816.jpg"
"singles_0819.jpg","singles","Chespin #084/083 - Near Mint","Ninja Spinner","5","singles_0820.jpg"
"singles_0821.jpg","singles","Musharna #122/086 - Near Mint","Black Bolt","5","singles_0822.jpg"
"singles_0823.jpg","singles","Caterpie #172/165 - Near Mint","151","6","singles_0824.jpg"
"singles_0825.jpg","singles","Drilbur #130/086 - Near Mint","Black Bolt","2","singles_0826.jpg"
"singles_0827.jpg","singles","Spidops #099/098 - Near Mint","Glory of Team Rocket","4","singles_0828.jpg"
"singles_0829.jpg","singles","Scovillain #081/078 - Near Mint","Violet ex","2","singles_0830.jpg"
"singles_0831.jpg","singles","Archen #129/086 - Near Mint","White Flare","5","singles_0832.jpg"
"singles_0833.jpg","singles","Lairon #111/101 - Near Mint","Transformation Mask","3","singles_0834.jpg"
"singles_0835.jpg","singles","Gulpin #112/102 - Near Mint","Stellar Miracle","4","singles_0836.jpg"
"singles_0837.jpg","singles","Sliggoo #093/083 - Near Mint","Ninja Spinner","4","singles_0838.jpg"
"singles_0839.jpg","singles","Sliggoo #093/083 - Near Mint","Ninja Spinner","4","singles_0840.jpg"
"singles_0841.jpg","singles","Passimian #203/184 - Near Mint","VMAX Climax","3","singles_0842.jpg"
"singles_0843.jpg","singles","Mesprit #114/106 - Near Mint","Super Electric Breaker","6","singles_0844.jpg"
"singles_0845.jpg","singles","Mesprit #114/106 - Near Mint","Super Electric Breaker","6","singles_0846.jpg"
"singles_0849.jpg","singles","Mismagius #083/073 - Near Mint","Triple Beat","12","singles_0850.jpg"
"singles_0851.jpg","singles","Weezing #105/098 - Near Mint","Glory of Team Rocket","4","singles_0852.jpg"
"singles_0853.jpg","singles","Chandelure #069/067 - Near Mint","Battle Region","3","singles_0854.jpg"
"singles_0855.jpg","singles","Woobat #116/086 - Near Mint","White Flare","5","singles_0856.jpg"
"singles_0857.jpg","singles","Lampent #101/086 - Near Mint","White Flare","7","singles_0858.jpg"
"singles_0859.jpg","singles","Mudbray #078/071 - Near Mint","Wild Force","2","singles_0860.jpg"
"singles_0861.jpg","singles","Spewpa #081/080 - Near Mint","Nihil Zero","1","singles_0862.jpg"
"singles_0863.jpg","singles","Kricketune #174/172 - Near Mint","VSTAR Universe","3","singles_0864.jpg"
"singles_0865.jpg","singles","Wugtrio #338/190 - Near Mint","Shiny Treasure ex","2","singles_0866.jpg"
"singles_0867.jpg","singles","Nidoking #174/165 - Near Mint","151","7","singles_0868.jpg"
"singles_0869.jpg","singles","Mr. Mime #179/165 - Near Mint","151","3","singles_0870.jpg"
"singles_0871.jpg","singles","Frogadier #087/083 - Near Mint","Ninja Spinner","6","singles_0872.jpg"
"singles_0873.jpg","singles","Froakie #086/083 - Near Mint","Ninja Spinner","7","singles_0874.jpg"
"singles_0875.jpg","singles","Togekiss #203/193 - Near Mint","Mega Dream","4","singles_0876.jpg"
"singles_0877.jpg","singles","Raboot #106/102 - Near Mint","Stellar Miracle","3","singles_0878.jpg"
"singles_0879.jpg","singles","Metang #092/083 - Near Mint","Ninja Spinner","4","singles_0880.jpg"
"singles_0881.jpg","singles","Crabominable #107/102 - Near Mint","Stellar Miracle","2","singles_0882.jpg"
"singles_0883.jpg","singles","Sunflora #102/101 - Near Mint","Transformation Mask","3","singles_0884.jpg"
"singles_0885.jpg","singles","Tauros #094/083 - Near Mint","Ninja Spinner","4","singles_0886.jpg"
"singles_0887.jpg","singles","Tauros #094/083 - Near Mint","Ninja Spinner","4","singles_0888.jpg"
"singles_0889.jpg","singles","Heliolisk #201/193 - Near Mint","Mega Dream","3","singles_0890.jpg"
"singles_0891.jpg","singles","Snover #067/063 - Near Mint","Mega Symphonia","2","singles_0892.jpg"
"singles_0893.jpg","singles","Timburr #109/101 - Near Mint","Mask of Change","3","singles_0894.jpg"
"singles_0895.jpg","singles","Bibarel #200/172 - Near Mint","VSTAR Universe","3","singles_0896.jpg"
"singles_0897.jpg","singles","Toedscool #068/066 - Near Mint","Future Flash","2","singles_0898.jpg"
"singles_0899.jpg","singles","Wigglytuff #091/080 - Near Mint","Inferno X","4","singles_0900.jpg"
"singles_0901.jpg","singles","Stufful #075/063 - Near Mint","Mega Symphonia","3","singles_0902.jpg"
"singles_0903.jpg","singles","Melmetal #081/071 - Near Mint","Cyber Judge","2","singles_0904.jpg"
"singles_0905.jpg","singles","Roggenrola #125/086 - Near Mint","White Flare","3","singles_0906.jpg"
"singles_0907.jpg","singles","Joltik #108/102 - Near Mint","White Flare","3","singles_0908.jpg"
"singles_0909.jpg","singles","Noibat #111/100 - Near Mint","Battle Partners","5","singles_0910.jpg"
"singles_0911.jpg","singles","Dipplin #103/101 - Near Mint","Transformation Mask","5","singles_0912.jpg"
"singles_0913.jpg","singles","Druddigon #209/184 - Near Mint","VMAX Climax","5","singles_0914.jpg"
"singles_0915.jpg","singles","Dunsparce #198/172 - Near Mint","VSTAR Universe","3","singles_0916.jpg"
"singles_0917.jpg","singles","Magnezone #193/172 - Near Mint","VSTAR Universe","3","singles_0918.jpg"
"singles_0919.jpg","singles","Thievul #192/172 - Near Mint","VSTAR Universe","2","singles_0920.jpg"
"singles_0921.jpg","singles","Dugtrio #206/193 - Near Mint","Mega Dream","3","singles_0922.jpg"
"singles_0923.jpg","singles","Clawitzer #068/063 - Near Mint","Mega Symphonia","3","singles_0924.jpg"
"singles_0925.jpg","singles","Malamar #199/184 - Near Mint","VMAX Climax","2","singles_0926.jpg"
"singles_0927.jpg","singles","Castform #211/184 - Near Mint","VMAX Climax","2","singles_0928.jpg"
"singles_0929.jpg","singles","Houndoom #206/184 - Near Mint","VMAX Climax","3","singles_0930.jpg"
"singles_0931.jpg","singles","Gyarados #6 - Lightly Played","Base","25","singles_0932.jpg"
"singles_0933.jpg","singles","Gyarados #6 - Lightly Played","Base","25","singles_0934.jpg"
"singles_0935.jpg","singles","Lapras #10 - Unlimited Holofoil - Lightly Played","Fossil","13","singles_0936.jpg"
"singles_0937.jpg","singles","Magneton #10 - Unlimited Holofoil - Damaged","Neo Revelation","10","singles_0938.jpg"
"singles_0941.jpg","singles","Entei #34 - Near Mint","Wizards Black Star Promos","15","singles_0942.jpg"
"singles_0943.jpg","singles","Dark Dugtrio No. #051 - Moderately Played","Team Rocket","10","singles_0944.jpg"
"singles_0945.jpg","singles","Jolteon #20 - 1st Edition - Moderately Played","Jungle","15","singles_0946.jpg"
"singles_0947.jpg","singles","Diglett #52 - 1st Edition - Lightly Played","Team Rocket","2","singles_0948.jpg"
"singles_0949.jpg","singles","Gastly #33 - 1st Edition - Heavily Played","Fossil","2","singles_0950.jpg"
"singles_0951.jpg","singles","Pikachu #70 - Unlimited - Lightly Played","Neo Genesis","4","singles_0952.jpg"
"singles_0953.jpg","singles","Weezing #45 - Unlimited - Near Mint","Fossil","2","singles_0954.jpg"
"singles_0955.jpg","singles","Sandshrew #62 - Shadowless - Lightly Played","Base","1","singles_0956.jpg"
"singles_0957.jpg","singles","Umbreon V #188 - Near Mint","Evolving Skies","55","singles_0958.jpg"
"singles_0959.jpg","singles","Blastoise V #SWSH101 - Near Mint","SWSH Black Star Promos","10","singles_0960.jpg"
"singles_0961.jpg","singles","Magnezone VSTAR #198 - Near Mint","Lost Origin","6","singles_0962.jpg"
"singles_0963.jpg","singles","Lucario VSTAR #SWSH291 - Near Mint","SWSH Black Star Promos","15","singles_0964.jpg"
"singles_0965.jpg","singles","Rayquaza V #100 - Near Mint","Crown Zenith","2","singles_0966.jpg"
"singles_0967.jpg","singles","Centiskorch V #TG14 - Near Mint","Lost Origin Trainer Gallery","5","singles_0968.jpg"
"singles_0969.jpg","singles","Giratina VSTAR #131 - Near Mint","Lost Origin","3","singles_0970.jpg"
"singles_0973.jpg","singles","Pikachu VMAX #SWSH286 - Near Mint","SWSH Black Star Promos","8","singles_0974.jpg"
"singles_0975.jpg","singles","Surfing Pikachu VMAX #022/078 - Near Mint","Celebrations 25","6","singles_0976.jpg"
"singles_0977.jpg","singles","Surfing Pikachu VMAX #022/078 - Near Mint","Celebrations 25","6","singles_0978.jpg"
"singles_0979.jpg","singles","Flying Pikachu V #006/025 - Near Mint","Celebrations 25","4","singles_0980.jpg"
"singles_0981.jpg","singles","Surfing Pikachu V #005/025 - Near Mint","Celebrations 25","5","singles_0982.jpg"
"singles_0983.jpg","singles","Surfing Pikachu V #005/025 - Near Mint","Celebrations 25","5","singles_0984.jpg"
"singles_0985.jpg","singles","Mewtwo VSTAR #031/078 - Near Mint","Pokemon GO","6","singles_0986.jpg"
"singles_0987.jpg","singles","Mewtwo VSTAR #031/078 - Near Mint","Pokemon GO","6","singles_0988.jpg"
"singles_0989.jpg","singles","Mewtwo V #030/071 - Near Mint","Pokemon GO","3","singles_0990.jpg"
"singles_0991.jpg","singles","Mew VMAX #054/172 - Near Mint","VSTAR Universe","6","singles_0992.jpg"
"singles_0993.jpg","singles","Mew V #048/132 - Korean - Near Mint","Nine Colors Gathering","4","singles_0994.jpg"
"singles_0995.jpg","singles","Cynthia's Garchomp ex #204 - Near Mint","Scarlet & Violet Promo Cards","6","singles_0996.jpg"
"singles_0997.jpg","singles","Eternatus VMAX #SV122 - Near Mint","Shining Fates Shiny Vault","7","singles_0998.jpg"
"singles_0999.jpg","singles","Single Strike Urshifu VMAX #TG29 - Near Mint","Brilliant Stars Trainer Gallery","4","singles_1000.jpg"
"singles_1001.jpg","singles","Duraludon VMAX #TG30 - Near Mint","Silver Tempest Trainer Gallery","4","singles_1002.jpg"
"singles_1003.jpg","singles","Mimikyu VMAX #025/063 - Chinese - Near Mint","Final Flame Dance","3","singles_1004.jpg"
"singles_1005.jpg","singles","Dragonite VSTAR ##050/071 - Near Mint","Pokemon GO","2","singles_1006.jpg"
"singles_1007.jpg","singles","Dragonite VSTAR ##050/071 - Near Mint","Pokemon GO","2","singles_1008.jpg"
"singles_1009.jpg","singles","Dragonite V #49 - Near Mint","Pokémon GO","5","singles_1010.jpg"
"singles_1011.jpg","singles","Dragonite V #49 - Near Mint","Pokémon GO","5","singles_1012.jpg"
"singles_1013.jpg","singles","Dragonite V #042/067 - Near Mint","Sky Stream","3","singles_1014.jpg"
"singles_1015.jpg","singles","Duraludon VMAX #123 - Near Mint","Evolving Skies","2","singles_1016.jpg"
"singles_1017.jpg","singles","Ice Rider Calyrex VMAX #46 - Near Mint","Chilling Reign","2","singles_1018.jpg"
"singles_1019.jpg","singles","Shadow Rider Calyrex VMAX #75 - Near Mint","Chilling Reign","2","singles_1020.jpg"
"singles_1021.jpg","singles","Rayquaza VMAX #108/172 - Near Mint","VSTAR Universe","3","singles_1022.jpg"
"singles_1023.jpg","singles","Crobat V #SWSH098 - Near Mint","SWSH Black Star Promos","2","singles_1024.jpg"
"singles_1025.jpg","singles","Cramorant V #SWSH086 - Near Mint","SWSH Black Star Promos","1","singles_1026.jpg"
"singles_1027.jpg","singles","Indeedee V ##316/190 - Near Mint","Shiny Star V","2","singles_1028.jpg"
"singles_1029.jpg","singles","Hisuian Typhlosion VSTAR #54 - Near Mint","Astral Radiance","2","singles_1030.jpg"
"singles_1031.jpg","singles","Sylveon VMAX #041/069 - Chinese - Near Mint","Eevee Heroes","2","singles_1032.jpg"
"singles_1033.jpg","singles","Espeon ex #34 - Near Mint","Prismatic Evolutions","3","singles_1034.jpg"
"singles_1035.jpg","singles","Jolteon ex #30 - Near Mint","Prismatic Evolutions","3","singles_1036.jpg"
"singles_1037.jpg","singles","Charizard ex #196 - Near Mint","Scarlet & Violet Promos","4","singles_1038.jpg"
"singles_1039.jpg","singles","Charizard ex #196 - Near Mint","Scarlet & Violet Promos","4","singles_1040.jpg"
"singles_1041.jpg","singles","Pikachu V-UNION #SWSH139 - Near Mint","SWSH Black Star Promos","8","singles_1042.jpg"
"singles_1043.jpg","singles","Pikachu V-UNION #SWSH140 - Near Mint","SWSH Black Star Promos","7","singles_1044.jpg"
"singles_1045.jpg","singles","Pikachu V-UNION #SWSH141 - Near Mint","SWSH Black Star Promos","8","singles_1046.jpg"
"singles_1047.jpg","singles","Pikachu V-UNION #SWSH142 - Near Mint","SWSH Black Star Promos","12","singles_1048.jpg"
"singles_1049.jpg","singles","Mewtwo V-UNION #SWSH159 - Near Mint","SWSH Black Star Promos","9","singles_1050.jpg"
"singles_1051.jpg","singles","Mewtwo V-UNION #SWSH160 - Near Mint","SWSH Black Star Promos","15","singles_1052.jpg"
"singles_1053.jpg","singles","Mewtwo V-UNION #SWSH161 - Near Mint","SWSH Black Star Promos","8","singles_1054.jpg"
"singles_1055.jpg","singles","Mewtwo V-UNION #SWSH162 - Near Mint","SWSH Black Star Promos","10","singles_1056.jpg"
"singles_1057.jpg","singles","Morpeko V-UNION #SWSH287 - Near Mint","SWSH Black Star Promos","1","singles_1058.jpg"
"singles_1059.jpg","singles","Morpeko V-UNION #SWSH288 - Near Mint","SWSH Black Star Promos","2","singles_1060.jpg"
"singles_1061.jpg","singles","Morpeko V-UNION #SWSH289 - Near Mint","SWSH Black Star Promos","2","singles_1062.jpg"
"singles_1063.jpg","singles","Morpeko V-UNION #SWSH290 - Near Mint","SWSH Black Star Promos","3","singles_1064.jpg"
"singles_1065.jpg","singles","Mewtwo V #SWSH229 - Near Mint","SWSH Black Star Promos","8","singles_1066.jpg"
"singles_1067.jpg","singles","Latias ex #220 - Near Mint","Surging Sparks","7","singles_1068.jpg"
"singles_1069.jpg","singles","Aerodactyl V #179 - Near Mint","Lost Origin","3","singles_1070.jpg"
"singles_1071.jpg","singles","Luxray ex #195 - Near Mint","Twilight Masquerade","3","singles_1072.jpg"
"singles_1073.jpg","singles","Black Kyurem ex #218 - Near Mint","Surging Sparks","3","singles_1074.jpg"
"singles_1075.jpg","singles","Bloodmoon Ursaluna ex #202 - Near Mint","Twilight Masquerade","3","singles_1076.jpg"
"singles_1077.jpg","singles","Rotom ex #111 - Near Mint","Phantasmal Flames","1","singles_1078.jpg"
"singles_1079.jpg","singles","Kyurem ex #157 - Near Mint","Black Bolt","2","singles_1080.jpg"
"singles_1081.jpg","singles","Unown V #176 - Near Mint","Silver Tempest","3","singles_1082.jpg"
"singles_1083.jpg","singles","Armarouge ex #125 - Near Mint","Scarlet & Violet Black Star Promos","1","singles_1084.jpg"
"singles_1085.jpg","singles","Iron Treads ex #233 - Near Mint","Scarlet & Violet","1","singles_1086.jpg"
"singles_1087.jpg","singles","Yveltal ex #098/080 - Chinese - Near Mint","Nihil Zero","6","singles_1088.jpg"
"singles_1089.jpg","singles","Mismagius ex #097/080 - Chinese - Near Mint","Inferno X","2","singles_1090.jpg"
"singles_1091.jpg","singles","Gourgeist ex #100/083 - Chinese - Near Mint","Ninja Spinner","3","singles_1092.jpg"
"singles_1093.jpg","singles","Kleavor V #SWSH248 - Near Mint","SWSH Black Star Promos","1","singles_1094.jpg"
"singles_1095.jpg","singles","Kleavor V #SWSH248 - Near Mint","SWSH Black Star Promos","1","singles_1096.jpg"
"singles_1097.jpg","singles","Greninja GX #033/150 - Near Mint","Ultra Shiny","5","singles_1098.jpg"
"singles_1099.jpg","singles","Gyarados-GX #SM212 - Near Mint","SM Black Star Promos","3","singles_1100.jpg"
"singles_1101.jpg","singles","Gyarados-GX #18 - Near Mint","Crimson Invasion","25","singles_1102.jpg"
"singles_1103.jpg","singles","Necrozma-GX #63 - Near Mint","Burning Shadows","2","singles_1104.jpg"
"singles_1105.jpg","singles","Raichu-GX #SM213 - Near Mint","SM Black Star Promos","2","singles_1106.jpg"
"singles_1107.jpg","singles","Raichu-GX #SM213 - Near Mint","SM Black Star Promos","2","singles_1108.jpg"
"singles_1109.jpg","singles","Cornerstone Mask Ogerpon ex #216/187 - Near Mint","Terastal Festival","5","singles_1110.jpg"
"singles_1111.jpg","singles","Tealmask Ogerpon ex #114/101 - Near Mint","Mask of Change","4","singles_1112.jpg"
"singles_1113.jpg","singles","Alolan Exeggutor ex #225 - Near Mint","Surging Sparks","3","singles_1114.jpg"
"singles_1115.jpg","singles","Terapagos ex #165 - Near Mint","Scarlet & Violet Black Star Promos","4","singles_1116.jpg"
"singles_1117.jpg","singles","Noivern ex #334/190 - Near Mint","Shiny Treasure","2","singles_1118.jpg"
"singles_1119.jpg","singles","Mega Charizard Y ex #030 - Near Mint","Mega Evolution Promo","6","singles_1120.jpg"
"singles_1121.jpg","singles","Mega Charizard X ex #029 - Near Mint","Mega Evolution Promo","6","singles_1122.jpg"
"singles_1123.jpg","singles","Mega Gengar ex #56 - Near Mint","Phantasmal Flames","3","singles_1124.jpg"
"singles_1125.jpg","singles","Mega Gengar ex #56 - Near Mint","Phantasmal Flames","3","singles_1126.jpg"
"singles_1127.jpg","singles","Mega Gengar ex #56 - Near Mint","Phantasmal Flames","3","singles_1128.jpg"
"singles_1129.jpg","singles","Mega Absol ex #86 - Near Mint","Mega Evolution","1","singles_1130.jpg"
"singles_1131.jpg","singles","Mega Absol ex #86 - Near Mint","Mega Evolution","1","singles_1132.jpg"
"singles_1133.jpg","singles","Fezandipiti #45 - Masterball Foil - Near Mint","Prismatic Evolutions","9","singles_1134.jpg"
"singles_1135.jpg","singles","Duskull #035 - Masterball Foil - Near Mint","Prismatic Evolutions","3","singles_1136.jpg"
"singles_1137.jpg","singles","Maractus #008 - Masterball Foil - Near Mint","Black Bolt","25","singles_1138.jpg"
"singles_1139.jpg","singles","Litwick #016 - Masterball Foil - Near Mint","Black Bolt","3","singles_1140.jpg"
"singles_1141.jpg","singles","Pansear #014 - Masterball Foil - Near Mint","Black Bolt","3","singles_1142.jpg"
"singles_1143.jpg","singles","Okidogi ##090/187 - Masterball Foil - Near Mint","Terastal Festival","2","singles_1144.jpg"
"singles_1145.jpg","singles","Umbreon #0609/15 - Masterball Foil - Near Mint","Gem Pack Vol. 1","2","singles_1146.jpg"
"singles_1147.jpg","singles","Glaceon #0810/14 - Masterball Foil - Near Mint","Gem Pack Vol. 2","2","singles_1148.jpg"
"singles_1149.jpg","singles","Gengar #0305/07 - Masterball Foil - Near Mint","Gem Pack Vol. 3","3","singles_1150.jpg"
"singles_1153.jpg","singles","Team Rocket's Ariana #224 - Near Mint","Destined Rivals","6","singles_1154.jpg"
"singles_1155.jpg","singles","Daisy's Help #195 - Near Mint","151","5","singles_1156.jpg"
"singles_1157.jpg","singles","Geeta #218 - Near Mint","Obsidian Flames","2","singles_1158.jpg"
"singles_1159.jpg","singles","N's Plan #163 - Near Mint","Black Bolt","5","singles_1160.jpg"
"singles_1161.jpg","singles","Briar #163 - Near Mint","Stellar Crown","2","singles_1162.jpg"
"singles_1163.jpg","singles","Ciphermaniac's Codebreaking #198 - Near Mint","Temporal Forces","7","singles_1164.jpg"
"singles_1167.jpg","singles","Switch #123 - Near Mint","Phantasmal Flames","1","singles_1168.jpg"
"singles_1169.jpg","singles","Wally's Compassion #084/063 - Near Mint","Mega Symphonia","2","singles_1170.jpg"
"singles_1171.jpg","singles","Iris's Fighting Spirit #122/120 - Near Mint","Battle Partners","3","singles_1172.jpg"
"singles_1173.jpg","singles","Artazon #229 - Near Mint","Obsidian Flames","2","singles_1174.jpg"
"singles_1175.jpg","singles","Master Ball #153 - Near Mint","Temporal Forces","2","singles_1176.jpg"
"singles_1177.jpg","singles","Dark Gyarados #8 - Near Mint","Celebrations 25","8","singles_1178.jpg"
"singles_1179.jpg","singles","Magnezone #83 - 4th Place - Near Mint","League & Championship Cards","4","singles_1180.jpg"
"singles_1181.jpg","singles","Espeon #SWSH174 - Lightly Played","SWSH Black Star Promos","7","singles_1182.jpg"
"singles_1183.jpg","singles","Pikachu #SWSH234 - Near Mint","SWSH Black Star Promos","6","singles_1184.jpg"
"singles_1185.jpg","singles","Eevee #SWSH127 - Near Mint","SWSH Black Star Promos","5","singles_1186.jpg"
"singles_1187.jpg","singles","Kirlia #SWSH271 - Near Mint","SWSH Black Star Promos","2","singles_1188.jpg"
"singles_1189.jpg","singles","Finneon #SWSH240 - Near Mint","SWSH Black Star Promos","1","singles_1190.jpg"
"singles_1191.jpg","singles","Luxray #137 - Near Mint","Paldean Fates","10","singles_1192.jpg"
"singles_1193.jpg","singles","Paldean Tauros #120 - Near Mint","Paldean Fates","3","singles_1194.jpg"
"singles_1195.jpg","singles","Crocalor #80 - Near Mint","Scarlet & Violet Black Star Promos","2","singles_1196.jpg"
"singles_1197.jpg","singles","Fuecoco #79 - Near Mint","Scarlet & Violet Black Star Promos","4","singles_1198.jpg"
"singles_1199.jpg","singles","Quaxly #82 - Near Mint","Scarlet & Violet Black Star Promos","2","singles_1200.jpg"
"singles_1201.jpg","singles","Hawlucha #175 - Near Mint","Paldean Fates","8","singles_1202.jpg"
"singles_1203.jpg","singles","Fidough #69 - Near Mint","Scarlet & Violet Black Star Promos","1","singles_1204.jpg"
"singles_1205.jpg","singles","Dracovish #SV036 - Near Mint","Shining Fates Shiny Vault","3","singles_1206.jpg"
"singles_1207.jpg","singles","Electrode #239/190 - Near Mint","Shiny Treasure","3","singles_1208.jpg"
"singles_1209.jpg","singles","Gloom #158/151 - Near Mint","151","3","singles_1210.jpg"
"singles_1211.jpg","singles","Sprigatito #0106/09 - Near Mint","Gem Pack Vol. 1","2","singles_1212.jpg"
"singles_1213.jpg","singles","Fuecoco #0306/09 - Near Mint","Gem Pack Vol. 1","2","singles_1214.jpg"
"singles_1215.jpg","singles","Fuecoco #0306/09 - Near Mint","Gem Pack Vol. 1","2","singles_1216.jpg"
"img611.jpg","graded","Charizard Lizardon #No. 006 - ARS 9","Sealdass Prism","400","img612.jpg"
"img615.jpg","graded","Snorlax #143 - ARS 9","CD Promo","500","img616.jpg"
"img617.jpg","graded","Blastoise #003/032 - ARS 10","Classic Collection","175","img618.jpg"
"img619.jpg","graded","Bagon Delta #58/113 - CGC 9.5","EX Delta Species","90",""
"po-bb.jpg","sealed","Perfect Order - Sealed Booster Box","Perfect Order","210",""
"jungle-pack.jpg","sealed","Jungle Unlimited Booster Pack","Jungle Set","250",""
"singles_0343.jpg","singles","Flaaffy #48 - Reverse Holo - Lightly Played","Platinum","2","singles_0344.jpg"
"singles_0345.jpg","singles","Rapidash #47 - Reverse Holo - Heavily Played","Arceus","1","singles_0346.jpg"
"singles_0347.jpg","singles","Infernape #5 - Reverse Holo - Heavily Played","Diamond & Pearl","2","singles_0348.jpg"
"singles_0349.jpg","singles","Chimchar #56 - Reverse Holo - Heavily Played","Majestic Dawn","1","singles_0350.jpg"
"singles_0351.jpg","singles","Toxicroak #36 - Reverse Holo - Moderately Played","Mysterious Treasures","2","singles_0352.jpg"
"singles_0353.jpg","singles","Grimer #75 - Reverse Holo - Heavily Played","Platinum","1","singles_0354.jpg"
"singles_0357.jpg","singles","Shuppet #110 - Reverse Holo - Heavily Played","Secret Wonders","1","singles_0358.jpg"
"singles_0359.jpg","singles","Chimecho #22 - Reverse Holo - Moderately Played","Mysterious Treasures","1","singles_0360.jpg"
"singles_0361.jpg","singles","Chimecho #22 - Reverse Holo - Moderately Played","Mysterious Treasures","1","singles_0362.jpg"
"singles_0365.jpg","singles","Riolu #60 - Reverse Holo - Moderately Played","HS—Unleashed","12","singles_0366.jpg"
"singles_0367.jpg","singles","Riolu #61 - Reverse Holo - Heavily Played","Diamond & Pearl","3","singles_0368.jpg"
"singles_0369.jpg","singles","Riolu #61 - Reverse Holo - Heavily Played","Diamond & Pearl","3","singles_0370.jpg"
"singles_0371.jpg","singles","Riolu #61 - Reverse Holo - Damaged","Diamond & Pearl","1","singles_0372.jpg"
"singles_0373.jpg","singles","Graveler #51 - Reverse Holo - Damaged","Mysterious Treasures","1","singles_0374.jpg"
"singles_0375.jpg","singles","Dugtrio #24 - Reverse Holo - Damaged","Secret Wonders","1","singles_0376.jpg"
"singles_0377.jpg","singles","Trapinch #84 - Reverse Holo - Moderately Played","Rising Rivals","2","singles_0378.jpg"
"singles_0381.jpg","singles","Kyogre #32 - Reverse Holo - Damaged","Legends Awakened","3","singles_0382.jpg"
"singles_0383.jpg","singles","Phione #12 - Reverse Holo - Damaged","Majestic Dawn","1","singles_0384.jpg"
"singles_0395.jpg","singles","Piloswine #69 - Reverse Holo - Lightly Played","Legends Awakened","2","singles_0396.jpg"
"singles_0401.jpg","singles","Swinub #79 - Reverse Holo - Moderately Played","HS—Triumphant","1","singles_0402.jpg"
"singles_0403.jpg","singles","Marill #88 - Reverse Holo - Moderately Played","Diamond & Pearl","5","singles_0404.jpg"
"singles_0405.jpg","singles","Victreebel #12 - Reverse Holo - Damaged","HS—Triumphant","2","singles_0406.jpg"
"singles_0407.jpg","singles","Roserade #13 - Reverse Holo - Damaged","Diamond & Pearl","2","singles_0408.jpg"
"singles_0409.jpg","singles","Beautifly #21 - Reverse Holo - Moderately Played","Platinum","2","singles_0410.jpg"
"singles_0411.jpg","singles","Yanmega #17 - Reverse Holo - Heavily Played","Legends Awakened","1","singles_0412.jpg"
"singles_0413.jpg","singles","Tropius #52 - Reverse Holo - Damaged","Rising Rivals","1","singles_0414.jpg"
"singles_0415.jpg","singles","Ariados #20 - Reverse Holo - Moderately Played","Mysterious Treasures","1","singles_0416.jpg"
"singles_0417.jpg","singles","Ariados #20 - Reverse Holo - Moderately Played","Mysterious Treasures","1","singles_0418.jpg"
"singles_0419.jpg","singles","Carnivine #43 - Reverse Holo - Damaged","Platinum","1","singles_0420.jpg"
"singles_0421.jpg","singles","Kricketot #109 - Reverse Holo - Damaged","Supreme Victors","1","singles_0422.jpg"
"singles_0425.jpg","singles","Wurmple #103 - Reverse Holo - Moderately Played","Platinum","7","singles_0426.jpg"
"singles_0429.jpg","singles","Igglybuff #44 - Reverse Holo - Moderately Played","HeartGold & SoulSilver","8","singles_0430.jpg"
"singles_0431.jpg","singles","Snorlax #37 - Reverse Holo - Damaged","Diamond & Pearl","5","singles_0432.jpg"
"singles_0433.jpg","singles","Magneton #54 - Reverse Holo - Heavily Played","Diamond & Pearl","1","singles_0434.jpg"
"singles_0435.jpg","singles","Magnemite #87 - Reverse Holo - Moderately Played","Diamond & Pearl","2","singles_0436.jpg"
"singles_0437.jpg","singles","Ambipom #3 - Reverse Holo - Moderately Played","Mysterious Treasures","1","singles_0438.jpg"
"singles_0439.jpg","singles","Girafarig #64 - Reverse Holo - Lightly Played","HeartGold & SoulSilver","3","singles_0440.jpg"
"singles_0441.jpg","singles","Buneary #73 - Reverse Holo - Moderately Played","Diamond & Pearl","2","singles_0442.jpg"
"singles_0443.jpg","singles","Lairon #44 - Reverse Holo - Damaged","Rising Rivals","1","singles_0444.jpg"
"singles_0447.jpg","singles","Raticate #61 - Reverse Holo - Heavily Played","Secret Wonders","1","singles_0448.jpg"
"singles_0451.jpg","singles","Farfetch'd #38 - Reverse Holo - Damaged","Stormfront","1","singles_0452.jpg"
"singles_0455.jpg","singles","Professor Oak's New Theory #83 - Reverse Holo - Lightly Played","Call of Legends","3","singles_0456.jpg"
"singles_0457.jpg","singles","Professor Oak's New Theory #83 - Reverse Holo - Lightly Played","Call of Legends","3","singles_0458.jpg"
"singles_0459.jpg","singles","Team Rocket's Trickery #78 - Reverse Holo - Lightly Played","HS—Undaunted","5","singles_0460.jpg"
"singles_0461.jpg","singles","Cynthia's Guidance #136 - Reverse Holo - Moderately Played","Supreme Victors","2","singles_0462.jpg"
"singles_0463.jpg","singles","Professor Rowan #112 - Reverse Holo - Moderately Played","Diamond & Pearl","1","singles_0464.jpg"
"singles_0467.jpg","singles","Energy Search #117 - Reverse Holo - Moderately Played","Diamond & Pearl","1","singles_0468.jpg"
"singles_0471.jpg","singles","Mightyena #47 - Lightly Played","Topps Advanced Challenge","10","singles_0472.jpg"
"singles_0473.jpg","singles","Camerupt #22 - Lightly Played","Topps Advanced","5","singles_0474.jpg"
"singles_0475.jpg","singles","Whiscash #87 - Lightly Played","Topps Advanced","5","singles_0476.jpg"
"singles_0477.jpg","singles","Kirlia #42 - Lightly Played","Topps Advanced","10","singles_0478.jpg"
"singles_0479.jpg","singles","Volbeat #86 - Lightly Played","Topps Advanced","5","singles_0480.jpg"
"singles_0481.jpg","singles","Shroomish #75 - Near Mint","Topps Advanced","10","singles_0482.jpg"
"singles_0483.jpg","singles","Electrode #27 - Lightly Played","Topps Advanced Challenge","5","singles_0484.jpg"
"singles_0485.jpg","singles","Manectric #42 - Lightly Played","Topps Advanced Challenge","10","singles_0486.jpg"
"singles_0487.jpg","singles","Claydol #20 - Near Mint","Topps Advanced Challenge","7","singles_0488.jpg"
"singles_0489.jpg","singles","Lombre #38 - Lightly Played","Topps Advanced Challenge","5","singles_0490.jpg"
"singles_0491.jpg","singles","Swalot #73 - Lightly Played","Topps Advanced Challenge","3","singles_0492.jpg"
"singles_0493.jpg","singles","Snorunt #67 - Lightly Played","Topps Advanced Challenge","5","singles_0494.jpg"
"singles_0495.jpg","singles","Wingull #87 - Lightly Played","Topps Advanced Challenge","3","singles_0496.jpg"
"singles_0497.jpg","singles","Cascoon #12 - Lightly Played","Topps Advanced Challenge","6","singles_0498.jpg"
"singles_0499.jpg","singles","Graveler #075 - Moderately Played","Bandai Carddass","5","singles_0500.jpg"
"singles_0501.jpg","singles","Diglett #050 - Lightly Played","Bandai Carddass","10","singles_0502.jpg"
"singles_0503.jpg","singles","Victreebel #71 - Lightly Played","Topps","3","singles_0504.jpg"
"singles_0505.jpg","singles","Persian #53 - Near Mint","Topps","3","singles_0506.jpg"
"singles_0507.jpg","singles","Luxio #103/BW-P - Moderately Played","Psycho Drive Hail Blizzard","7","singles_0508.jpg"
"singles_0509.jpg","singles","Regirock #099/PCG-P - Moderately Played","Mew Lucario Movie","4","singles_0510.jpg"
"singles_0511.jpg","singles","Regirock #099/PCG-P - Moderately Played","Mew Lucario Movie","4","singles_0512.jpg"
"singles_0513.jpg","singles","Regirock #072/PCG-P - Heavily Played","Meiji Promo","2","singles_0514.jpg"
"singles_0515.jpg","singles","Regice #067/PCG-P - Lightly Played","Mystery of Mew","3","singles_0516.jpg"
"singles_0517.jpg","singles","Regice #098/PCG-P - Moderately Played","Mew Lucario Movie","5","singles_0518.jpg"
"singles_0519.jpg","singles","Heatran M #005/022 - Moderately Played","Movie Random Pack","3","singles_0520.jpg"
"singles_0521.jpg","singles","Genesect #209/BW-P - Lightly Played","EX Battle Boost","11","singles_0522.jpg"
"singles_0523.jpg","singles","Grovyle #081/PCG-P - Moderately Played","McDonald's Promo","2","singles_0524.jpg"
"singles_0525.jpg","singles","Combusken #082/PCG-P - Lightly Played","McDonald's Promo","3","singles_0526.jpg"
"singles_0527.jpg","singles","Beautifly #003/022 - Lightly Played","Movie Random Pack","8","singles_0528.jpg"
"singles_0529.jpg","singles","Delta Pelipper #140/PCG-P - Damaged","Meiji Promo","2","singles_0530.jpg"
"singles_0531.jpg","singles","Sliggoo #059/080 - Near Mint","Wild Blaze","3","singles_0532.jpg"
"singles_0533.jpg","singles","Croagunk #122/DP-P - Moderately Played","Diamond & Pearl","2","singles_0534.jpg"
"singles_0535.jpg","singles","Ludicolo #022/ADV-P - Near Mint","Pokemon Fair Promo","15","singles_0536.jpg"
"singles_0537.jpg","singles","Raticate #020 - Unscratched - Moderately Played","Pokemon Scratch","20","singles_0538.jpg"
"singles_0539.jpg","singles","Pikachu #35 - Reverse Holo - Near Mint","Evolutions","6","singles_0540.jpg"
"singles_0541.jpg","singles","Nidoking #45 - Unlimited Holofoil - Near Mint","Evolutions","5","singles_0542.jpg"
"singles_0543.jpg","singles","Magneton #38 - Unlimited Holofoil - Near Mint","Evolutions","2","singles_0544.jpg"
"singles_0545.jpg","singles","Serperior ex #159/086 - Near Mint","Black Bolt","3","singles_0546.jpg"
"singles_0547.jpg","singles","Milotic ex #121/106 - Near Mint","Super Electric Breaker","3","singles_0548.jpg"
"singles_0549.jpg","singles","Mamoswine ex #116/100 - Near Mint","Battle Partners","3","singles_0550.jpg"
"singles_0551.jpg","singles","Fezandipiti #081/064 - Near Mint","Night Wanderer","3","singles_0552.jpg"
"singles_0553.jpg","singles","Mewtwo V #273/S-P - Near Mint","Pokemon GO","12","singles_0554.jpg"
"singles_0555.jpg","singles","Mewtwo V #273/S-P - Near Mint","Pokemon GO","12","singles_0556.jpg"
"singles_0557.jpg","singles","Dragonite V #049/071 - Near Mint","Pokemon GO","3","singles_0558.jpg"
"singles_0559.jpg","singles","Dragonite V #049/071 - Near Mint","Pokemon GO","3","singles_0560.jpg"
"singles_0561.jpg","singles","Lugia VSTAR #080/098 - Near Mint","Paradigm Trigger","5","singles_0562.jpg"
"singles_0563.jpg","singles","Regieleki V #319/S-P - Near Mint","SWSH Promos","3","singles_0564.jpg"
"singles_0565.jpg","singles","Eri #197/187 - Near Mint","Terastal Festival","4","singles_0566.jpg"
"singles_0567.jpg","singles","Charizard #076/S-P - Near Mint","Competition Battle Prize","20","singles_0568.jpg"
"singles_0569.jpg","singles","Archeops #327/S-P - Near Mint","SWSH Promos","6","singles_0570.jpg"
"singles_0571.jpg","singles","Tapu Koko #109/SM-P - Near Mint","Koko Fest","3","singles_0572.jpg"
"singles_0573.jpg","singles","Fire Energy #XY-P - Near Mint","First Promo","10","singles_0574.jpg"
"singles_0575.jpg","singles","Toxicroak EX #036/080 - Heavily Played","Wild Blaze","1","singles_0576.jpg"
"singles_0579.jpg","singles","Kyurem EX #006/018 - Lightly Played","Hail Blizzard","5","singles_0580.jpg"
"singles_0581.jpg","singles","Tapu Koko VMAX #150/414 - Near Mint","Battle Styles","3","singles_0582.jpg"
"singles_0583.jpg","singles","Tapu Koko V #149/414 - Near Mint","Single Strike Master","2","singles_0584.jpg"
"singles_0585.jpg","singles","Goldeen #20 - Masterball Foil - Near Mint","Prismatic Evolutions","3","singles_0586.jpg"
"singles_0587.jpg","singles","Precious Trolley #185 - Near Mint","Surging Sparks","2","singles_0588.jpg"
"singles_0589.jpg","singles","Precious Trolley #185 - Near Mint","Surging Sparks","2","singles_0590.jpg"
"singles_0591.jpg","singles","Precious Trolley #185 - Near Mint","Surging Sparks","2","singles_0592.jpg"
"singles_0593.jpg","singles","Precious Trolley #185 - Near Mint","Surging Sparks","2","singles_0594.jpg"
"singles_0595.jpg","singles","Centiskorch VMAX #310/190 - Near Mint","Shiny Star V","3","singles_0596.jpg"
"singles_0597.jpg","singles","Magcargo ex #080/066 - Near Mint","Crimson Haze","3","singles_0598.jpg"
"singles_0599.jpg","singles","Pidgeot ex #335/190 - Near Mint","Shiny Treasure ex","3","singles_0600.jpg"
"singles_0601.jpg","singles","Wigglytuff ex #336/190 - Near Mint","Shiny Treasure ex","5","singles_0602.jpg"
"singles_0603.jpg","singles","Great Tusk ex #330/190 - Near Mint","Shiny Treasure ex","2","singles_0604.jpg"
"singles_0605.jpg","singles","Boltund V #313/190 - Near Mint","Shiny Star V","3","singles_0606.jpg"
"singles_0607.jpg","singles","Eldegoss V #306/190 - Near Mint","Shiny Star V","3","singles_0608.jpg"
"singles_0609.jpg","singles","Eldegoss V #306/190 - Near Mint","Shiny Star V","3","singles_0610.jpg"
"singles_0611.jpg","singles","Yveltal #117/190 - Near Mint","Shiny Star V","2","singles_0612.jpg"
"singles_0613.jpg","singles","Kyogre #036/190 - Near Mint","Shiny Star V","2","singles_0614.jpg"
"singles_0193.jpg","singles","Raikou #061/L-P - Lightly Played","Legend","20","singles_0194.jpg"
"singles_0235.jpg","singles","Dark Golbat #7 - 1st Edition Holofoil - Lightly Played","Team Rocket","40","singles_0236.jpg"
"singles_0237.jpg","singles","Dark Weezing #14 - 1st Edition Holofoil - Moderately Played","Team Rocket","22","singles_0238.jpg"
"singles_0239.jpg","singles","Dark Charizard #21 - 1st Edition - Moderately Played","Team Rocket","75","singles_0240.jpg"
"singles_0241.jpg","singles","Dark Charizard #21 - 1st Edition - Moderately Played","Team Rocket","75","singles_0242.jpg"
"singles_0245.jpg","singles","Kabutops #9 - 1st Edition Holofoil - Heavily Played","Fossil","35","singles_0246.jpg"
"singles_0219.jpg","singles","Azumarill #2 - Lightly Played","Neo Genesis","20","singles_0220.jpg"
"singles_0257.jpg","singles","Mewtwo #10 - Damaged","Base","13","singles_0258.jpg"
"singles_0281.jpg","singles","Machamp #8 - 1st Edition Holofoil - Damaged","Base","6","singles_0282.jpg"
"singles_0287.jpg","singles","Hitmonchan #7 - Holofoil - Damaged","Base","6","singles_0288.jpg"
"singles_0291.jpg","singles","Poliwrath #13 - Holofoil - Damaged","Base","7","singles_0292.jpg"
"singles_0303.jpg","singles","Dark Gyarados #25 - Lightly Played","Team Rocket","12","singles_0304.jpg"
"singles_0305.jpg","singles","Here Comes Team Rocket! #15 - Holofoil - Lightly Played","Team Rocket","22","singles_0306.jpg"
"singles_0317.jpg","singles","Kangaskhan #5 - 1st Edition Holofoil - Damaged","Jungle","6","singles_0318.jpg"
"singles_0319.jpg","singles","Brock's Ninetales No. 038 - Holofoil - Lightly Played","Gym Challenge","15","singles_0320.jpg"
"singles_0321.jpg","singles","Erika's Vileplume No. 045 - Holofoil - Lightly Played","Gym Heroes","25","singles_0322.jpg"
"singles_0197.jpg","singles","Alolan Exeggutor ex #089/064 - Near Mint","Paradise Dragona","20","singles_0198.jpg"
"singles_0205.jpg","singles","Hisuian Lilligant V #069/067 - Near Mint","Time Gazer","20","singles_0206.jpg"
"singles_0207.jpg","singles","Hisuian Lilligant V #069/067 - Near Mint","Time Gazer","20","singles_0208.jpg"
"singles_0209.jpg","singles","Radiant Eevee #SWSH230 - Near Mint","SWSH Black Star Promos","20","singles_0210.jpg"
"singles_0213.jpg","singles","Grusha #090/071 - Near Mint","Scarlet ex","10","singles_0214.jpg"
"singles_0223.jpg","singles","Melmetal V #47 - Near Mint","Pokémon GO","1","singles_0224.jpg"
"singles_0333.jpg","singles","Mega Diancie ex #41 - Near Mint","Phantasmal Flames","1","singles_0334.jpg"
"singles_0335.jpg","singles","Mega Diancie ex #41 - Near Mint","Phantasmal Flames","1","singles_0336.jpg"
"img424.jpg","graded","Mega Charizard X ex #110 - PSA 10 ","M2 Inferno X","800",""
"img425.jpg","graded","Mega Charizard X ex #110 - PSA 10 ","M2 Inferno X","800",""
"img426.jpg","graded","Dragonite #149 Holofoil - PSA 9","Fossil Set","750",""
"img439.jpg","graded","Tohoku's Pikachu #260/SV-P - PSA 10","Special Box PC","525",""
"img427.jpg","graded","Tea Party Pikachu #325 - PSA 9","Pokemon Center Kyoto","500",""
"img604.jpg","graded","Delta Latios #12 Mitsuhiro Arita - PSA AUTO 10","Holon Phantoms","1500",""
"img450.jpg","graded","Charizard #006 Red Poker - PSA 9","Poker Deck","500",""
"img455.jpg","graded","Articuno ex #114/112 - BGS 9","FireRed & LeafGreen","600",""
"img456.jpg","graded","Charizard #100/97 - BGS 7.5","Dragon","850",""
"img457.jpg","graded","Gyarados #6/102 Square Cut - BGS 9","Base","1000",""
"img600.jpg","graded","Tyranitar V #077/070 - CGC Perfect 10","Single Strike Master","500",""
"img601.jpg","graded","Charizard VSTAR #118/100 - CGC Perfect 10","Star Birth","750",""
"img602.jpg","graded","Koraidon ex #103/078 - CGC Perfect 10","Scarlet ex","400",""
"img603.jpg","graded","Venusaur #03 Topps Spectra - CGC 10","Topps Chrome","450",""
"img476.jpg","graded","Blastoise #09 - CGC Perfect 10","Topps Chrome","2000",""
"img477.jpg","graded","Charmander #04 - CGC Pristine 10","Topps Chrome","300",""
"img478.jpg","graded","Umbreon 068/092 Holofoil - CGC 8.5","The Town on No Map","1750",""
"img512.jpg","graded","Gengar VMAX 181/S-P - PSA 10","Inteleon VS Gengar Winner","1200",""
"img513.jpg","graded","Gengar VMAX 181/S-P - PSA 10","Inteleon VS Gengar Winner","1200",""
"img516.jpg","graded","Victini 265/SV-P - PSA 9","BWR Event Prize","500",""
"img479.jpg","graded","Golem #76 Sparkle - CGC 8.5","Topps Chrome","300",""
"img474.jpg","graded","Ash's Pikachu GX #005/026 - CGC 8.5","Deck Kit","350",""
"img452.jpg","graded","Nachtara #32/144 - PSA 9","Skyridge","450",""
"img432.jpg","graded","Blastoise #2/130 - PSA 8","Base Set 2","240",""
"img433.jpg","graded","Raichu #14/102 - PSA 8","Base","130",""
"img434.jpg","graded","Raichu #14/102 - PSA 8","Base","130",""
"img435.jpg","graded","Poliwrath #13/102 - PSA 8","Base","80",""
"img436.jpg","graded","Snorlax #11/64 - PSA 8","Jungle Set","250",""
"img519.jpg","graded","Taipei's Pikachu #057/SV-P - PSA 9","Pokemon Center Taipei","110",""
"img437.jpg","graded","Pokemon Fan Club #071/066 - PSA 10","Ultra Sun","150",""
"img471.jpg","graded","Umbreon Gold Star #17/17 - TAG 10","Celebrations 25","350",""
"img473.jpg","graded","Glaceon GX #SV55/SV94 - TAG 9","Hidden Fates","40",""
"img438.jpg","graded","Archaludon #155/142 - PSA 10","Stellar Crown","40",""
"img440.jpg","graded","Dark Vileplume #13/82 1st Edition - PSA 9","Team Rocket","180",""
"img444.jpg","graded","M Rayquaza EX #76/108 - PSA 6","Roaring Skies","100",""
"img443.jpg","graded","Misty's Tentacruel #10/132 1st Edition - PSA 8","Gym Heroes","130",""
"img445.jpg","graded","Computer Error #16 - PSA 9","WoTC Promos","30",""
"img446.jpg","graded","Marnie #198/190 - PSA 10","Shiny Star V","150",""
"img447.jpg","graded","Penny #239/091 - PSA 10","Paldean Fates","120",""
"img448.jpg","graded","Roxanne #081/067 - PSA 9","Battle Region","45",""
"img453.jpg","graded","Guzma #056/051 - PSA 9","Darkness That Consumes Light","80",""
"img458.jpg","graded","Dark Vileplume #13/82 1st Edition - BGS 8.5","Team Rocket","80",""
"img459.jpg","graded","Dark Magneton #11/82 1st Edition - BGS 9","Team Rocket","375",""
"img461.jpg","graded","Milotic #12/101 Reverse Holofoil - BGS 9","Hidden Legends","150",""
"img462.jpg","graded","Ampharos #1/127 - BGS 8","Platinum","70",""
"img464.jpg","graded","Yveltal #018/032 - BGS 9.5","Pokeyun Collection","50",""
"img465.jpg","graded","Sentret #022/L-P - BGS 9.5","Participation Prize","130",""
"img466.jpg","graded","Darkness Energy #XYP - BGS 9.5","Golden Present Campaign","300",""
"img467.jpg","graded","Elesa's Sparkle #246/172 - BGS 9.5","VSTAR Universe","30",""
"img469.jpg","graded","Candice #113/098 - BGS 9.5","Paradigm Trigger","40",""
"img526.jpg","graded","Galarian Zapdos #188/172 - PSA 10","VSTAR Universe","35",""
"img528.jpg","graded","Scizor #116/108 - PSA 10","Ruler of the Black Flame","50",""
"img536.jpg","graded","Lugia VSTAR #080/098 - PSA 10","Paradigm Trigger","40",""
"img542.jpg","graded","Jirachi V #025/067 - PSA 10","Time Gazer","50",""
"img546.jpg","graded","Snorlax V #045/060 - PSA 10","Shield","55",""
"img554.jpg","graded","Mew #037/095 - PSA 10","Double Blaze","75",""
"img555.jpg","graded","Mewtwo #054/173 - PSA 10","Tag Team All Stars","55",""
"img556.jpg","graded","Typhlosion #019/095 - PSA 10","Super-Burst Impact","50",""
"img558.jpg","graded","Latios & Latias GX #060/095 - PSA 9","Tag Bolt","30",""
"img559.jpg","graded","Pikachu VMAX #046/184 - PSA 9","VMAX Climax","20",""
"img560.jpg","graded","Jolteon GX #013/038 - PSA 9","Eevee GX Starter Set","20",""
"img561.jpg","graded","Radiant Greninja #033/172 - PSA 6","VSTAR Universe","10",""
"img562.jpg","graded","Suicune #018/060 - PSA 9","Thunderclap Spark","15",""
"img563.jpg","graded","Latios #070/064 - CGC Pristine 10","Paradise Dragona","50",""
"img564.jpg","graded","Galarian Zapdos #188/172 - CGC Pristine 10","VSTAR Universe","30",""
"img565.jpg","graded","Wailord #103/100 - CGC Pristine 10","Battle Partners","30",""
"img566.jpg","graded","Phione #071/066 - CGC Pristine 10","Crimson Haze","30",""
"img568.jpg","graded","Vaporeon GX #007/038 - CGC Pristine 10","Eevee GX Starter Set","40",""
"img572.jpg","graded","Greninja Illustration #339/S-P - CGC Pristine 10","Illustration Contest","120",""
"img574.jpg","graded","Umbreon ex 093/187 - CGC Pristine 10","Terastal Festival","30",""
"img575.jpg","graded","Cresselia #071/064 - CGC Pristine 10","Night Wanderer","30",""
"img576.jpg","graded","Leafeon VSTAR #269/S-P - CGC Pristine 10","SWSH Promos","30",""
"img579.jpg","graded","Radiant Greninja #033/172 - CGC Pristine 10","VSTAR Universe","35",""
"img580.jpg","graded","Vaporeon #134/165 Pokeball Foil - CGC Pristine 10","151","20",""
"img582.jpg","graded","Mew #002/028 - CGC Pristine 10","Celebrations 25","90",""
"img583.jpg","graded","Blastoise #023/095 - CGC Pristine 10","Tag Bolt","35",""
"img584.jpg","graded","Umbreon #070/108 - CGC 10","Ruler of the Black Flame","30",""
"img586.jpg","graded","Charizard #012/100 - CGC 10","Amazing Volt Tackle","30",""
"img587.jpg","graded","Jirachi #034/052 - CGC 10","Dark Order","25",""
"img588.jpg","graded","Eevee #031/SV-P - CGC 10","SV Promos","30",""
"img589.jpg","graded","Gyarados #028/095 - CGC 10","Tag Bolt","30",""
"img590.jpg","graded","Mischievous Pichu #214/S-P - CGC 9","SWSH Promos","35",""
"img598.jpg","graded","Poliwhirl #176/165 - CGC 10","151","40",""
"img597.jpg","graded","Vaporeon #189/184 - CGC 10","VMAX Climax","25",""
"img599.jpg","graded","Vaporeon V #015/069 - CGC 10","Eevee Heroes","20",""
"img592.jpg","graded","Bulbasaur #166/165 - CGC 9","151","30",""
"img593.jpg","graded","Venusaur VMAX #002/021 - CGC 9","Venusaur VMAX Starter Set","15",""
"img595.jpg","graded","Mewtwo #035/058 - CGC 9","Incandescent Arcana","15",""
"img596.jpg","graded","Mewtwo VSTAR #031/71 - CGC 9.5","Pokemon GO","15",""
"img475.jpg","graded","Toxtricity ex #215 - CGC 9","Illustration Contest","10",""
"img480.jpg","graded","Chansey Butterfree Vileplume #01 - CGC Pristine 10","Bandai Sealdass","200",""
"img481.jpg","graded","Arbok ex #187/165 - CGC Pristine 10","151","30",""
"img428.jpg","graded","Charizard VSTAR #SWSH262 - CGC 9","SWSH Promos","90",""
"img484.jpg","graded","Archaludon ex #241/191 - CGC 10","Surging Sparks","30",""
"img485.jpg","graded","Carmine #217/167 - CGC 10","Twilight Masquerade","120",""
"img486.jpg","graded","Toedscool #080/078 - CGC 9.5","Violet ex","10",""
"img487.jpg","graded","Bloodmoon Ursaluna ex 216/167 - CGC 10","Twilight Masquerade","60",""
"img488.jpg","graded","Origin Forme Dialga VSTAR #GG68/GG70 - CGC 10","Crown Zenith","150",""
"img489.jpg","graded","Team Rocket's Raticate #108/098 - CGC 10","Glory of the Rocket Gang","20",""
"img490.jpg","graded","Raichu 27/144 - CGC 10","Skyridge","175",""
"img491.jpg","graded","Heracross 6/111 - CGC 9.5","Neo Genesis","100",""
"img492.jpg","graded","Extra Rule #03 - CGC 10","Vending Series","70",""
"img493.jpg","graded","Drowzee Gastly Onix Poliwag #03 - CGC 9.5","Bandai Sealdass","80",""
"img494.jpg","graded","Lapras Seadra Venonant #02 - CGC 9.5","Bandai Sealdass","80",""
"img495.jpg","graded","Marshtomp #010/ADV-P - CGC 9","Shogakukan Elementary","60",""
"img496.jpg","graded","Bronzong #TG11/TG30 Error - CGC 8","Astral Radiance","30",""
"img497.jpg","graded","Slowking #019/131 Holoshift Error - CGC 8.5","Prismatic Evolutions","100",""
"img498.jpg","graded","Lightning Energy #109/109 Reverse Holofoil - CGC 10","Ruby & Sapphire","75",""
"img499.jpg","graded","Burned Tower #078/080 1st Edition - CGC 8","Reviving Legends","30",""
"img500.jpg","graded","Poliwrath #13/102 - CGC 10","Base","330",""
"img501.jpg","graded","Alakazam #No. 065 Prism Holo - CGC 7","Bandai Sealdass","25",""
"img502.jpg","graded","Lt. Surge's Fearow #7/132 1st Edition Ink Error - CGC 6.5","Gym Heroes","125",""
"img503.jpg","graded","Cheryl 159/163 - CGC 9","Battle Styles","15",""
"img504.jpg","graded","Cynthia's Ambition #239/172 - CGC 10","VSTAR Universe","80",""
"img505.jpg","graded","Cynthia's Ambition #178/172 - CGC 10","Brilliant Stars","35",""
"img506.jpg","graded","Starmie #121 Holofoil - SGC 9","Awakening Legends","50",""
"img507.jpg","graded","Clefable #1/64 - SGC 8","Jungle Set","40",""
"img508.jpg","graded","Staryu #004/034 - AGS 10","Classic Collection","10",""
"img509.jpg","graded","Sandy Shocks ex #083/066 - AGS 10","Ancient Roar","20",""
"img510.jpg","graded","Dark Magneton 28/82 - AGS 8.5","Team Rocket","10",""
"img511.jpg","graded","Charmeleon #002/034 - AGS 9.5","Classic Collection","15",""
"singles_0005.jpg","singles","Reshiram-EX #95 - Heavily Played","Next Destinies","70","singles_0006.jpg"
"singles_0007.jpg","singles","Bianca #147 - Heavily Played","Boundaries Crossed","100","singles_0008.jpg"
"singles_0009.jpg","singles","Fossil Researcher #110 - Near Mint","Furious Fists","60","singles_0010.jpg"
"singles_0013.jpg","singles","Escape Rope #163 - Near Mint","Burning Shadows","15","singles_0014.jpg"
"singles_0015.jpg","singles","Goldeen #20 - Masterball Foil - Near Mint","Prismatic Evolutions","5","singles_0016.jpg"
"singles_0019.jpg","singles","Dark Tyranitar #20 - Unlimited Normal - Lightly Played","Team Rocket Returns","15","singles_0020.jpg"
"singles_0021.jpg","singles","Dark Houndoom #37 - Unlimited Normal - Moderately Played","Team Rocket Returns","10","singles_0022.jpg"
"singles_0023.jpg","singles","Dark Marowak #7 - Moderately Played","Team Rocket Returns","4","singles_0024.jpg"
"singles_0025.jpg","singles","Dark Magcargo #38 - Unlimited Normal - Lightly Played","Team Rocket Returns","3","singles_0026.jpg"
"singles_0027.jpg","singles","Dark Magneton #39 - Unlimited Normal - Lightly Played","Team Rocket Returns","2","singles_0028.jpg"
"singles_0029.jpg","singles","Dark Flaaffy #33 - Unlimited Normal - Near Mint","Team Rocket Returns","8","singles_0030.jpg"
"singles_0031.jpg","singles","Dark Weezing #42 - Unlimited Normal - Near Mint","Team Rocket Returns","3","singles_0032.jpg"
"singles_0033.jpg","singles","Dark Houndoom #37 - Unlimited Normal - Damaged","Team Rocket Returns","7","singles_0034.jpg"
"singles_0035.jpg","singles","Lightning Energy #109 - Reverse Holo - Near Mint","Ruby & Sapphire","8","singles_0036.jpg"
"singles_0037.jpg","singles","Lightning Energy #106 - Holofoil - Lightly Played","Power Keepers","6","singles_0038.jpg"
"singles_0039.jpg","singles","Water Energy #107 - Holofoil - Moderately Played","Holon Phantoms","5","singles_0040.jpg"
"singles_0041.jpg","singles","Water Energy #107 - Holofoil - Moderately Played","Holon Phantoms","5","singles_0042.jpg"
"singles_0043.jpg","singles","Water Energy #107 - Holofoil - Lightly Played","Holon Phantoms","7","singles_0044.jpg"
"singles_0045.jpg","singles","Fire Energy #104 - Holofoil - Lightly Played","Power Keepers","7","singles_0046.jpg"
"singles_0047.jpg","singles","Psychic Energy #109 - Holofoil - Moderately Played","Holon Phantoms","6","singles_0048.jpg"
"singles_0049.jpg","singles","Empoleon V #145 - Near Mint","Battle Styles","6","singles_0050.jpg"
"singles_0053.jpg","singles","Charizard #13 - Reverse Holo - Near Mint","Tag Bolt","12","singles_0054.jpg"
"singles_0055.jpg","singles","Eevee #100/S-P - Near Mint","Start Battle","8","singles_0056.jpg"
"singles_0057.jpg","singles","Eevee #100/S-P - Near Mint","Start Battle","8","singles_0058.jpg"
"singles_0059.jpg","singles","Poliwrath #62 - Lightly Played","Topps Chrome","10","singles_0060.jpg"
"singles_0061.jpg","singles","Drowzee #96 - Near Mint","Topps Chrome","15","singles_0062.jpg"
"singles_0063.jpg","singles","Venonat #48 - Lightly Played","Topps Chrome","10","singles_0064.jpg"
"singles_0067.jpg","singles","Ekans #23 - Spectra Chrome - Near Mint","Topps Chrome","20","singles_0068.jpg"
"singles_0069.jpg","singles","Dugtrio #51 - Lightly Played","Topps","5","singles_0070.jpg"
"singles_0071.jpg","singles","Ekans #23 - Near Mint","Topps","5","singles_0072.jpg"
"singles_0073.jpg","singles","Rapidash #078 - Near Mint","Bandai","7","singles_0074.jpg"
"singles_0075.jpg","singles","Kadabra #064 - Near Mint","Bandai","10","singles_0076.jpg"
"singles_0077.jpg","singles","Poliwrath #062 - Green Back - Moderately Played","Topsun","7","singles_0078.jpg"
"singles_0079.jpg","singles","Tornadus EX #230/BW-P - Near Mint","Battle Boost","25","singles_0080.jpg"
"singles_0083.jpg","singles","Terrakion #030 - Reverse Holofoil - Near Mint","Waku Waku Battle","15","singles_0084.jpg"
"singles_0085.jpg","singles","Electabuzz #095 - Reverse Holofoil - Lightly Played","Galactic Conquest","15","singles_0086.jpg"
"singles_0087.jpg","singles","Luxio #103/BW-P - Near Mint","Psycho Drive Hail Blizzard","8","singles_0088.jpg"
"singles_0089.jpg","singles","Dedenne #013/XY-P - Near Mint","XY Promos","10","singles_0090.jpg"
"singles_0091.jpg","singles","Lilligant #062/BW-P - Near Mint","Kids Special Toy","5","singles_0092.jpg"
"singles_0099.jpg","singles","Aroma Lady #081/063 - Rainbow - Near Mint","Eevee Heroes","5","singles_0100.jpg"
"singles_0101.jpg","singles","Charizard #013 - Reverse Holofoil - Near Mint","Tag Bolt","12","singles_0102.jpg"
"singles_0103.jpg","singles","Pokémon Reversal #87 - Reverse Holo - Moderately Played","Ruby & Sapphire","3","singles_0104.jpg"
"singles_0105.jpg","singles","Professor Birch #89 - Reverse Holo - Near Mint","Ruby & Sapphire","4","singles_0106.jpg"
"singles_0107.jpg","singles","Energy Restore #81 - Reverse Holo - Near Mint","Ruby & Sapphire","3","singles_0108.jpg"
"singles_0109.jpg","singles","Rayquaza #215/XY-P - Moderately Played","XY Promos","50","singles_0110.jpg"
"singles_0111.jpg","singles","Tealmask Ogerpon ex #234/187 - Gold Rares - Near Mint","Terastal Festival","6","singles_0112.jpg"
"singles_0113.jpg","singles","Bianca's Devotion #197 - Near Mint","Temporal Forces","4","singles_0114.jpg"
"singles_0115.jpg","singles","Janine's Secret Art #88 - Near Mint","Shrouded Fable","3","singles_0116.jpg"
"singles_0117.jpg","singles","Arven's Mabostiff ex #081/063 - Near Mint","Heatwave Arena","3","singles_0118.jpg"
"singles_0119.jpg","singles","Keldeo ex #161/086 - Near Mint","White Flare","3","singles_0120.jpg"
"singles_0121.jpg","singles","Thundurus #244/190 - Near Mint","Shiny Treasure","2","singles_0122.jpg"
"singles_0123.jpg","singles","Electrike #073/063 - Near Mint","Heatwave Arena","2","singles_0124.jpg"
"singles_0125.jpg","singles","Electrike #073/063 - Near Mint","Heatwave Arena","2","singles_0126.jpg"
"singles_0127.jpg","singles","Houndoom #066/064 - Near Mint","Night Wanderer","10","singles_0128.jpg"
"singles_0129.jpg","singles","Simisear #099/086 - Near Mint","Black Bolt","10","singles_0130.jpg"
"singles_0131.jpg","singles","Lycanroc #107/100 - Near Mint","Battle Partners","3","singles_0132.jpg"
"singles_0133.jpg","singles","Joltik #108/102 - Near Mint","Stellar Miracle","4","singles_0134.jpg"
"singles_0135.jpg","singles","Raboot #106/102 - Near Mint","Stellar Miracle","3","singles_0136.jpg"
"singles_0137.jpg","singles","Raboot #106/102 - Near Mint","Stellar Miracle","3","singles_0138.jpg"
"singles_0139.jpg","singles","Houndstone 073/063 - Near Mint","Mega Symphonia","3","singles_0140.jpg"
"singles_0141.jpg","singles","Archaludon #113/102 - Near Mint","Stellar Miracle","3","singles_0142.jpg"
"singles_0143.jpg","singles","Garganacl #070/063 - Near Mint","Mega Brave","2","singles_0144.jpg"
"singles_0145.jpg","singles","Orthworm #081/071 - Near Mint","Snow Hazard","3","singles_0146.jpg"
"singles_0147.jpg","singles","Spearow #074/063 - Near Mint","Mega Brave","3","singles_0148.jpg"
"singles_0149.jpg","singles","Mr. Mime #179/165 - Near Mint","151","4","singles_0150.jpg"
"singles_0151.jpg","singles","Floragato #076/073 - Near Mint","Triple Beat","7","singles_0152.jpg"
"singles_0153.jpg","singles","Floragato #076/073 - Near Mint","Triple Beat","7","singles_0154.jpg"
"singles_0155.jpg","singles","Tangela #178/165 - Near Mint","151","3","singles_0156.jpg"
"singles_0157.jpg","singles","Manaphy 178/172 - Near Mint","VSTAR Universe","3","singles_0158.jpg"
"singles_0159.jpg","singles","Zigzagoon #89 - Lightly Played","Topps Advanced","5","singles_0160.jpg"
"singles_0161.jpg","singles","Clefable #41 - Unlimited Normal - Damaged","Expedition Base Set","1","singles_0162.jpg"
"singles_0163.jpg","singles","Kadabra #84 - Unlimited Normal - Damaged","Expedition Base Set","1","singles_0164.jpg"
"singles_0165.jpg","singles","Abra #93 - Unlimited Normal - Damaged","Expedition Base Set","1","singles_0166.jpg"
"singles_0167.jpg","singles","Abra #93 - Unlimited Normal - Damaged","Expedition Base Set","1","singles_0168.jpg"
"singles_0169.jpg","singles","Doduo #73 - Unlimited Normal - Near Mint","Aquapolis","3","singles_0170.jpg"
"singles_0171.jpg","singles","Juggler #126 - Unlimited Normal - Near Mint","Aquapolis","2","singles_0172.jpg"
"singles_0173.jpg","singles","Charmander δ #49 - Unlimited Normal - Near Mint","Crystal Guardians","5","singles_0174.jpg"
"singles_0175.jpg","singles","Togepi δ #41 - Unlimited Normal - Near Mint","Dragon Frontiers","5","singles_0176.jpg"
"singles_0177.jpg","singles","Kingler δ #22 - Unlimited Normal - Moderately Played","Crystal Guardians","2","singles_0178.jpg"
"singles_0179.jpg","singles","Pelipper δ #14 - Unlimited Normal - Lightly Played","POP Series 5","1","singles_0180.jpg"
"singles_0181.jpg","singles","Pidgeotto δ #49 - Unlimited Normal - Moderately Played","Holon Phantoms","2","singles_0182.jpg"
"singles_0183.jpg","singles","Meowth δ #11 - Lightly Played","POP Series 5","10","singles_0184.jpg"
"singles_0185.jpg","singles","Mareep #58 - Unlimited - Damaged","Neo Discovery","1","singles_0186.jpg"
"singles_0187.jpg","singles","Arcanine #23 - Damaged","Base","1","singles_0188.jpg"
"singles_0189.jpg","singles","Gastly #50 - Moderately Played","Base","1","singles_0190.jpg"
"singles_0191.jpg","singles","Zekrom #51 - Unlimited Holofoil - Heavily Played","Legendary Treasures","2","singles_0192.jpg"
