source_row,sku,type,category,condition_id,raw_condition_descriptor,grader_descriptor,grade_descriptor,shipping_policy,title,price,image_urls,warnings
2,CHELLA-SEALED-PO-BB,sealed,261035,1000,,,,Shipping-Normal,Perfect Order Sealed Booster Box Perfect Order Pokemon TCG Sealed,209.99,https://chellacollectibles.com/images/po-bb.jpg,
3,CHELLA-SEALED-JUNGLE-PACK,sealed,183053,1000,,,,Shipping-Normal,Jungle Unlimited Booster Pack Jungle Set Pokemon TCG Sealed,249.99,https://chellacollectibles.com/images/jungle-pack.jpg,
4,CHELLA-SINGLE-SINGLES-0193,single,183050,4000,400011,,,Shipping-Normal,Raikou #061/L-P Legend Pokemon Card LP,19.99,https://chellacollectibles.com/images/singles_0193.jpg|https://chellacollectibles.com/images/singles_0194.jpg,
5,CHELLA-SINGLE-SINGLES-0233,single,183050,4000,400011,,,Shipping-Normal,Dark Slowbro #12 1st Edition Holofoil Team Rocket Pokemon Card LP,64.99,https://chellacollectibles.com/images/singles_0233.jpg|https://chellacollectibles.com/images/singles_0234.jpg,
6,CHELLA-SINGLE-SINGLES-0235,single,183050,4000,400011,,,Shipping-Normal,Dark Golbat #7 1st Edition Holofoil Team Rocket Pokemon Card LP,39.99,https://chellacollectibles.com/images/singles_0235.jpg|https://chellacollectibles.com/images/singles_0236.jpg,
7,CHELLA-SINGLE-SINGLES-0237,single,183050,4000,400012,,,Shipping-Normal,Dark Weezing #14 1st Edition Holofoil Team Rocket Pokemon Card MP,21.99,https://chellacollectibles.com/images/singles_0237.jpg|https://chellacollectibles.com/images/singles_0238.jpg,
8,CHELLA-SINGLE-SINGLES-0239,single,183050,4000,400012,,,Shipping-Normal,Dark Charizard #21 1st Edition Team Rocket Pokemon Card MP,74.99,https://chellacollectibles.com/images/singles_0239.jpg|https://chellacollectibles.com/images/singles_0240.jpg,
9,CHELLA-SINGLE-SINGLES-0241,single,183050,4000,400012,,,Shipping-Normal,Dark Charizard #21 1st Edition Team Rocket Pokemon Card MP,74.99,https://chellacollectibles.com/images/singles_0241.jpg|https://chellacollectibles.com/images/singles_0242.jpg,
10,CHELLA-SINGLE-SINGLES-0243,single,183050,4000,400012,,,Shipping-Normal,Dark Blastoise #20 1st Edition Team Rocket Pokemon Card MP,27.99,https://chellacollectibles.com/images/singles_0243.jpg|https://chellacollectibles.com/images/singles_0244.jpg,
11,CHELLA-SINGLE-SINGLES-0245,single,183050,4000,400013,,,Shipping-Normal,Kabutops #9 1st Edition Holofoil Fossil Pokemon Card HP,34.99,https://chellacollectibles.com/images/singles_0245.jpg|https://chellacollectibles.com/images/singles_0246.jpg,
12,CHELLA-SINGLE-SINGLES-0219,single,183050,4000,400011,,,Shipping-Normal,Azumarill #2 Neo Genesis Pokemon Card LP,19.99,https://chellacollectibles.com/images/singles_0219.jpg|https://chellacollectibles.com/images/singles_0220.jpg,
13,CHELLA-SINGLE-SINGLES-0257,single,183050,4000,400013,,,Shipping-Normal,Mewtwo #10 Base Pokemon Card DMG,12.99,https://chellacollectibles.com/images/singles_0257.jpg|https://chellacollectibles.com/images/singles_0258.jpg,
14,CHELLA-SINGLE-SINGLES-0281,single,183050,4000,400013,,,Shipping-Normal,Machamp #8 1st Edition Holofoil Base Pokemon Card DMG,5.99,https://chellacollectibles.com/images/singles_0281.jpg|https://chellacollectibles.com/images/singles_0282.jpg,
15,CHELLA-SINGLE-SINGLES-0287,single,183050,4000,400013,,,Shipping-Normal,Hitmonchan #7 Holofoil Base Pokemon Card DMG,5.99,https://chellacollectibles.com/images/singles_0287.jpg|https://chellacollectibles.com/images/singles_0288.jpg,
16,CHELLA-SINGLE-SINGLES-0291,single,183050,4000,400013,,,Shipping-Normal,Poliwrath #13 Holofoil Base Pokemon Card DMG,6.99,https://chellacollectibles.com/images/singles_0291.jpg|https://chellacollectibles.com/images/singles_0292.jpg,
17,CHELLA-SINGLE-SINGLES-0303,single,183050,4000,400011,,,Shipping-Normal,Dark Gyarados #25 Team Rocket Pokemon Card LP,11.99,https://chellacollectibles.com/images/singles_0303.jpg|https://chellacollectibles.com/images/singles_0304.jpg,
18,CHELLA-SINGLE-SINGLES-0305,single,183050,4000,400011,,,Shipping-Normal,Here Comes Team Rocket! #15 Holofoil Team Rocket Pokemon Card LP,21.99,https://chellacollectibles.com/images/singles_0305.jpg|https://chellacollectibles.com/images/singles_0306.jpg,
19,CHELLA-SINGLE-SINGLES-0317,single,183050,4000,400013,,,Shipping-Normal,Kangaskhan #5 1st Edition Holofoil Jungle Pokemon Card DMG,5.99,https://chellacollectibles.com/images/singles_0317.jpg|https://chellacollectibles.com/images/singles_0318.jpg,
20,CHELLA-SINGLE-SINGLES-0319,single,183050,4000,400011,,,Shipping-Normal,Brock's Ninetales No. 038 Holofoil Gym Challenge Pokemon Card LP,14.99,https://chellacollectibles.com/images/singles_0319.jpg|https://chellacollectibles.com/images/singles_0320.jpg,
21,CHELLA-SINGLE-SINGLES-0321,single,183050,4000,400011,,,Shipping-Normal,Erika's Vileplume No. 045 Holofoil Gym Heroes Pokemon Card LP,24.99,https://chellacollectibles.com/images/singles_0321.jpg|https://chellacollectibles.com/images/singles_0322.jpg,
22,CHELLA-SINGLE-SINGLES-0197,single,183050,4000,400010,,,Shipping-Normal,Alolan Exeggutor ex #089/064 Paradise Dragona Pokemon Card NM,19.99,https://chellacollectibles.com/images/singles_0197.jpg|https://chellacollectibles.com/images/singles_0198.jpg,
23,CHELLA-SINGLE-SINGLES-0205,single,183050,4000,400010,,,Shipping-Normal,Hisuian Lilligant V #069/067 Time Gazer Pokemon Card NM,19.99,https://chellacollectibles.com/images/singles_0205.jpg|https://chellacollectibles.com/images/singles_0206.jpg,
24,CHELLA-SINGLE-SINGLES-0207,single,183050,4000,400010,,,Shipping-Normal,Hisuian Lilligant V #069/067 Time Gazer Pokemon Card NM,19.99,https://chellacollectibles.com/images/singles_0207.jpg|https://chellacollectibles.com/images/singles_0208.jpg,
25,CHELLA-SINGLE-SINGLES-0209,single,183050,4000,400010,,,Shipping-Normal,Radiant Eevee #SWSH230 SWSH Black Star Promos Pokemon Card NM,19.99,https://chellacollectibles.com/images/singles_0209.jpg|https://chellacollectibles.com/images/singles_0210.jpg,
26,CHELLA-SINGLE-SINGLES-0213,single,183050,4000,400010,,,Shipping-Normal,Grusha #090/071 Scarlet ex Pokemon Card NM,9.99,https://chellacollectibles.com/images/singles_0213.jpg|https://chellacollectibles.com/images/singles_0214.jpg,
27,CHELLA-SINGLE-SINGLES-0221,single,183050,4000,400010,,,Shipping-Normal,Mimikyu VMAX #025/063 Sword & Shield Pokemon Card NM,2.99,https://chellacollectibles.com/images/singles_0221.jpg|https://chellacollectibles.com/images/singles_0222.jpg,
28,CHELLA-SINGLE-SINGLES-0223,single,183050,4000,400010,,,Shipping-Normal,Melmetal V #47 Pokemon GO Pokemon Card NM,0.99,https://chellacollectibles.com/images/singles_0223.jpg|https://chellacollectibles.com/images/singles_0224.jpg,
29,CHELLA-SINGLE-SINGLES-0333,single,183050,4000,400010,,,Shipping-Normal,Mega Diancie ex #41 Phantasmal Flames Pokemon Card NM,0.99,https://chellacollectibles.com/images/singles_0333.jpg|https://chellacollectibles.com/images/singles_0334.jpg,
30,CHELLA-SINGLE-SINGLES-0335,single,183050,4000,400010,,,Shipping-Normal,Mega Diancie ex #41 Phantasmal Flames Pokemon Card NM,0.99,https://chellacollectibles.com/images/singles_0335.jpg|https://chellacollectibles.com/images/singles_0336.jpg,
31,CHELLA-GRADED-IMG431,graded,183050,2750,,275010,275020,Shipping-Normal,Rayquaza EX #75/108 Roaring Skies PSA 10 Pokemon Card,1199.99,https://chellacollectibles.com/images/img431.jpg,
32,CHELLA-GRADED-IMG424,graded,183050,2750,,275010,275020,Shipping-Normal,Mega Charizard X ex #110 M2 Inferno X PSA 10 Pokemon Card,799.99,https://chellacollectibles.com/images/img424.jpg,
33,CHELLA-GRADED-IMG425,graded,183050,2750,,275010,275020,Shipping-Normal,Mega Charizard X ex #110 M2 Inferno X PSA 10 Pokemon Card,799.99,https://chellacollectibles.com/images/img425.jpg,
34,CHELLA-GRADED-IMG426,graded,183050,2750,,275010,275022,Shipping-Normal,Dragonite #149 Holofoil Fossil Set PSA 9 Pokemon Card,749.99,https://chellacollectibles.com/images/img426.jpg,
35,CHELLA-GRADED-IMG428,graded,183050,2750,,275010,275022,Shipping-Normal,Pikachu French Worlds World Collection PSA 9 Pokemon Card,399.99,https://chellacollectibles.com/images/img428.jpg,
36,CHELLA-GRADED-IMG439,graded,183050,2750,,275010,275020,Shipping-Normal,Tohoku's Pikachu #260/SV-P Special Box PC PSA 10 Pokemon Card,524.99,https://chellacollectibles.com/images/img439.jpg,
37,CHELLA-GRADED-IMG427,graded,183050,2750,,275010,275022,Shipping-Normal,Tea Party Pikachu #325 Pokemon Center Kyoto PSA 9 Pokemon Card,499.99,https://chellacollectibles.com/images/img427.jpg,
38,CHELLA-GRADED-IMG604,graded,183050,2750,,275010,275020,Shipping-Normal,Delta Latios #12 Mitsuhiro Arita Holon Phantoms PSA 10 Pokemon Card,1499.99,https://chellacollectibles.com/images/img604.jpg,
39,CHELLA-GRADED-IMG450,graded,183050,2750,,275010,275022,Shipping-Normal,Charizard #006 Red Poker Poker Deck PSA 9 Pokemon Card,499.99,https://chellacollectibles.com/images/img450.jpg,
40,CHELLA-GRADED-IMG455,graded,183050,2750,,275013,275022,Shipping-Normal,Articuno ex #114/112 FireRed & LeafGreen BGS 9 Pokemon Card,599.99,https://chellacollectibles.com/images/img455.jpg,
41,CHELLA-GRADED-IMG456,graded,183050,2750,,275013,275025,Shipping-Normal,Charizard #100/97 Dragon BGS 7.5 Pokemon Card,849.99,https://chellacollectibles.com/images/img456.jpg,
42,CHELLA-GRADED-IMG457,graded,183050,2750,,275013,275022,Shipping-Normal,Gyarados #6/102 Square Cut Base BGS 9 Pokemon Card,999.99,https://chellacollectibles.com/images/img457.jpg,
43,CHELLA-GRADED-IMG600,graded,183050,2750,,275015,275020,Shipping-Normal,Tyranitar V #077/070 Single Strike Master CGC 10 Pokemon Card,499.99,https://chellacollectibles.com/images/img600.jpg,
44,CHELLA-GRADED-IMG601,graded,183050,2750,,275015,275020,Shipping-Normal,Charizard VSTAR #118/100 Star Birth CGC 10 Pokemon Card,749.99,https://chellacollectibles.com/images/img601.jpg,
45,CHELLA-GRADED-IMG602,graded,183050,2750,,275015,275020,Shipping-Normal,Koraidon ex #103/078 Scarlet ex CGC 10 Pokemon Card,399.99,https://chellacollectibles.com/images/img602.jpg,
46,CHELLA-GRADED-IMG603,graded,183050,2750,,275015,275020,Shipping-Normal,Venusaur #03 Topps Spectra Topps Chrome CGC 10 Pokemon Card,449.99,https://chellacollectibles.com/images/img603.jpg,
47,CHELLA-GRADED-IMG476,graded,183050,2750,,275015,275020,Shipping-Normal,Blastoise #09 Topps Chrome CGC 10 Pokemon Card,1999.99,https://chellacollectibles.com/images/img476.jpg,
48,CHELLA-GRADED-IMG477,graded,183050,2750,,275015,275020,Shipping-Normal,Charmander #04 Topps Chrome CGC 10 Pokemon Card,299.99,https://chellacollectibles.com/images/img477.jpg,
49,CHELLA-GRADED-IMG478,graded,183050,2750,,275015,275023,Shipping-Normal,Umbreon 068/092 Holofoil The Town on No Map CGC 8.5 Pokemon Card,1749.99,https://chellacollectibles.com/images/img478.jpg,
50,CHELLA-GRADED-IMG512,graded,183050,2750,,275010,275020,Shipping-Normal,Gengar VMAX 181/S-P Inteleon VS Gengar Winner PSA 10 Pokemon Card,1199.99,https://chellacollectibles.com/images/img512.jpg,
51,CHELLA-GRADED-IMG513,graded,183050,2750,,275010,275020,Shipping-Normal,Gengar VMAX 181/S-P Inteleon VS Gengar Winner PSA 10 Pokemon Card,1199.99,https://chellacollectibles.com/images/img513.jpg,
52,CHELLA-GRADED-IMG516,graded,183050,2750,,275010,275022,Shipping-Normal,Victini 265/SV-P BWR Event Prize PSA 9 Pokemon Card,499.99,https://chellacollectibles.com/images/img516.jpg,
53,CHELLA-GRADED-IMG479,graded,183050,2750,,275015,275023,Shipping-Normal,Golem #76 Sparkle Topps Chrome CGC 8.5 Pokemon Card,299.99,https://chellacollectibles.com/images/img479.jpg,
54,CHELLA-GRADED-IMG474,graded,183050,2750,,275015,275023,Shipping-Normal,Ash's Pikachu GX #005/026 Deck Kit CGC 8.5 Pokemon Card,349.99,https://chellacollectibles.com/images/img474.jpg,
55,CHELLA-GRADED-IMG452,graded,183050,2750,,275010,275022,Shipping-Normal,Nachtara #32/144 Skyridge PSA 9 Pokemon Card,449.99,https://chellacollectibles.com/images/img452.jpg,
56,CHELLA-GRADED-IMG432,graded,183050,2750,,275010,275024,Shipping-Normal,Blastoise #2/130 Base Set 2 PSA 8 Pokemon Card,239.99,https://chellacollectibles.com/images/img432.jpg,
57,CHELLA-GRADED-IMG433,graded,183050,2750,,275010,275024,Shipping-Normal,Raichu #14/102 Base PSA 8 Pokemon Card,129.99,https://chellacollectibles.com/images/img433.jpg,
58,CHELLA-GRADED-IMG434,graded,183050,2750,,275010,275024,Shipping-Normal,Raichu #14/102 Base PSA 8 Pokemon Card,129.99,https://chellacollectibles.com/images/img434.jpg,
59,CHELLA-GRADED-IMG435,graded,183050,2750,,275010,275024,Shipping-Normal,Poliwrath #13/102 Base PSA 8 Pokemon Card,79.99,https://chellacollectibles.com/images/img435.jpg,
60,CHELLA-GRADED-IMG436,graded,183050,2750,,275010,275024,Shipping-Normal,Snorlax #11/64 Jungle Set PSA 8 Pokemon Card,249.99,https://chellacollectibles.com/images/img436.jpg,
61,CHELLA-GRADED-IMG517,graded,183050,2750,,275010,275022,Shipping-Normal,Taipei's Pikachu #057/SV-P Pokemon Center Taipei PSA 9 Pokemon Card,109.99,https://chellacollectibles.com/images/img517.jpg,
62,CHELLA-GRADED-IMG518,graded,183050,2750,,275010,275022,Shipping-Normal,Taipei's Pikachu #057/SV-P Pokemon Center Taipei PSA 9 Pokemon Card,109.99,https://chellacollectibles.com/images/img518.jpg,
63,CHELLA-GRADED-IMG519,graded,183050,2750,,275010,275022,Shipping-Normal,Taipei's Pikachu #057/SV-P Pokemon Center Taipei PSA 9 Pokemon Card,109.99,https://chellacollectibles.com/images/img519.jpg,
64,CHELLA-GRADED-IMG437,graded,183050,2750,,275010,275020,Shipping-Normal,Pokemon Fan Club #071/066 Ultra Sun PSA 10 Pokemon Card,149.99,https://chellacollectibles.com/images/img437.jpg,
65,CHELLA-GRADED-IMG470,graded,183050,2750,,2750115,275020,Shipping-Normal,Moltres & Zapdos & Articuno GX #SM210 SM Promos TAG 10 Pokemon Card,424.99,https://chellacollectibles.com/images/img470.jpg,
66,CHELLA-GRADED-IMG471,graded,183050,2750,,2750115,275020,Shipping-Normal,Umbreon Gold Star #17/17 Celebrations 25 TAG 10 Pokemon Card,349.99,https://chellacollectibles.com/images/img471.jpg,
67,CHELLA-GRADED-IMG472,graded,183050,2750,,2750115,275020,Shipping-Normal,Meowth #192/SV-P Gen Start Deck TAG 10 Pokemon Card,169.99,https://chellacollectibles.com/images/img472.jpg,
68,CHELLA-GRADED-IMG473,graded,183050,2750,,2750115,275022,Shipping-Normal,Glaceon GX #SV55/SV94 Hidden Fates TAG 9 Pokemon Card,39.99,https://chellacollectibles.com/images/img473.jpg,
69,CHELLA-GRADED-IMG438,graded,183050,2750,,275010,275020,Shipping-Normal,Archaludon #155/142 Stellar Crown PSA 10 Pokemon Card,39.99,https://chellacollectibles.com/images/img438.jpg,
70,CHELLA-GRADED-IMG440,graded,183050,2750,,275010,275022,Shipping-Normal,Dark Vileplume #13/82 1st Edition Team Rocket PSA 9 Pokemon Card,179.99,https://chellacollectibles.com/images/img440.jpg,
71,CHELLA-GRADED-IMG444,graded,183050,2750,,275010,275028,Shipping-Normal,M Rayquaza EX #76/108 Roaring Skies PSA 6 Pokemon Card,99.99,https://chellacollectibles.com/images/img444.jpg,
72,CHELLA-GRADED-IMG441,graded,183050,2750,,275010,275022,Shipping-Normal,M Rayquaza EX #76/108 Celebrations 25 PSA 9 Pokemon Card,54.99,https://chellacollectibles.com/images/img441.jpg,
73,CHELLA-GRADED-IMG442,graded,183050,2750,,275010,275022,Shipping-Normal,M Rayquaza EX #61/108 Roaring Skies PSA 9 Pokemon Card,299.99,https://chellacollectibles.com/images/img442.jpg,
74,CHELLA-GRADED-IMG443,graded,183050,2750,,275010,275024,Shipping-Normal,Misty's Tentacruel #10/132 1st Edition Gym Heroes PSA 8 Pokemon Card,129.99,https://chellacollectibles.com/images/img443.jpg,
75,CHELLA-GRADED-IMG445,graded,183050,2750,,275010,275022,Shipping-Normal,Computer Error #16 WoTC Promos PSA 9 Pokemon Card,29.99,https://chellacollectibles.com/images/img445.jpg,
76,CHELLA-GRADED-IMG446,graded,183050,2750,,275010,275020,Shipping-Normal,Marnie #198/190 Shiny Star V PSA 10 Pokemon Card,149.99,https://chellacollectibles.com/images/img446.jpg,
77,CHELLA-GRADED-IMG447,graded,183050,2750,,275010,275020,Shipping-Normal,Penny #239/091 Paldean Fates PSA 10 Pokemon Card,119.99,https://chellacollectibles.com/images/img447.jpg,
78,CHELLA-GRADED-IMG448,graded,183050,2750,,275010,275022,Shipping-Normal,Roxanne #081/067 Battle Region PSA 9 Pokemon Card,44.99,https://chellacollectibles.com/images/img448.jpg,
79,CHELLA-GRADED-IMG451,graded,183050,2750,,275010,275020,Shipping-Normal,Leafeon #005/131 Masterball Prismatic Evolutions PSA 10 Pokemon Card,174.99,https://chellacollectibles.com/images/img451.jpg,
80,CHELLA-GRADED-IMG453,graded,183050,2750,,275010,275022,Shipping-Normal,Guzma #056/051 Darkness That Consumes Light PSA 9 Pokemon Card,79.99,https://chellacollectibles.com/images/img453.jpg,
81,CHELLA-GRADED-IMG454,graded,183050,2750,,275010,275022,Shipping-Normal,Roserade #17/132 Secret Wonders PSA 9 Pokemon Card,89.99,https://chellacollectibles.com/images/img454.jpg,
82,CHELLA-GRADED-IMG429,graded,183050,2750,,275010,275022,Shipping-Normal,Pikachu VMAX #265/S-P Corocoro Comic PSA 9 Pokemon Card,29.99,https://chellacollectibles.com/images/img429.jpg,
83,CHELLA-GRADED-IMG458,graded,183050,2750,,275013,275023,Shipping-Normal,Dark Vileplume #13/82 1st Edition Team Rocket BGS 8.5 Pokemon Card,79.99,https://chellacollectibles.com/images/img458.jpg,
84,CHELLA-GRADED-IMG459,graded,183050,2750,,275013,275022,Shipping-Normal,Dark Magneton #11/82 1st Edition Team Rocket BGS 9 Pokemon Card,374.99,https://chellacollectibles.com/images/img459.jpg,
85,CHELLA-GRADED-IMG460,graded,183050,2750,,275013,275022,Shipping-Normal,Gyarados #4/123 Cracked Ice HeartGold SoulSilver BGS 9 Pokemon Card,249.99,https://chellacollectibles.com/images/img460.jpg,
86,CHELLA-GRADED-IMG461,graded,183050,2750,,275013,275022,Shipping-Normal,Milotic #12/101 Reverse Holofoil Hidden Legends BGS 9 Pokemon Card,149.99,https://chellacollectibles.com/images/img461.jpg,
87,CHELLA-GRADED-IMG462,graded,183050,2750,,275013,275024,Shipping-Normal,Ampharos #1/127 Platinum BGS 8 Pokemon Card,69.99,https://chellacollectibles.com/images/img462.jpg,
88,CHELLA-GRADED-IMG463,graded,183050,2750,,275013,275022,Shipping-Normal,Zukan Pikachu #134 Holofoil Bandai Carddass BGS 9 Pokemon Card,99.99,https://chellacollectibles.com/images/img463.jpg,
89,CHELLA-GRADED-IMG464,graded,183050,2750,,275013,275021,Shipping-Normal,Yveltal #018/032 Pokeyun Collection BGS 9.5 Pokemon Card,49.99,https://chellacollectibles.com/images/img464.jpg,
90,CHELLA-GRADED-IMG465,graded,183050,2750,,275013,275021,Shipping-Normal,Sentret #022/L-P Participation Prize BGS 9.5 Pokemon Card,129.99,https://chellacollectibles.com/images/img465.jpg,
91,CHELLA-GRADED-IMG466,graded,183050,2750,,275013,275021,Shipping-Normal,Darkness Energy #XYP Golden Present Campaign BGS 9.5 Pokemon Card,299.99,https://chellacollectibles.com/images/img466.jpg,
92,CHELLA-GRADED-IMG467,graded,183050,2750,,275013,275021,Shipping-Normal,Elesa's Sparkle #246/172 VSTAR Universe BGS 9.5 Pokemon Card,29.99,https://chellacollectibles.com/images/img467.jpg,
93,CHELLA-GRADED-IMG468,graded,183050,2750,,275013,275021,Shipping-Normal,Klara #082/070 Peerless Fighters BGS 9.5 Pokemon Card,39.99,https://chellacollectibles.com/images/img468.jpg,
94,CHELLA-GRADED-IMG469,graded,183050,2750,,275013,275021,Shipping-Normal,Candice #113/098 Paradigm Trigger BGS 9.5 Pokemon Card,39.99,https://chellacollectibles.com/images/img469.jpg,
95,CHELLA-GRADED-IMG525,graded,183050,2750,,275010,275020,Shipping-Normal,Dragonair #182/165 151 PSA 10 Pokemon Card,44.99,https://chellacollectibles.com/images/img525.jpg,
96,CHELLA-GRADED-IMG526,graded,183050,2750,,275010,275020,Shipping-Normal,Galarian Zapdos #188/172 VSTAR Universe PSA 10 Pokemon Card,34.99,https://chellacollectibles.com/images/img526.jpg,
97,CHELLA-GRADED-IMG527,graded,183050,2750,,275010,275020,Shipping-Normal,Jolteon #193/184 VMAX Climax PSA 10 Pokemon Card,49.99,https://chellacollectibles.com/images/img527.jpg,
98,CHELLA-GRADED-IMG528,graded,183050,2750,,275010,275020,Shipping-Normal,Scizor #116/108 Ruler of the Black Flame PSA 10 Pokemon Card,49.99,https://chellacollectibles.com/images/img528.jpg,
99,CHELLA-GRADED-IMG529,graded,183050,2750,,275010,275020,Shipping-Normal,Plusle #065/062 Raging Surf PSA 10 Pokemon Card,39.99,https://chellacollectibles.com/images/img529.jpg,
100,CHELLA-GRADED-IMG530,graded,183050,2750,,275010,275020,Shipping-Normal,Ninetales #110/108 Ruler of the Black Flame PSA 10 Pokemon Card,54.99,https://chellacollectibles.com/images/img530.jpg,
101,CHELLA-GRADED-IMG536,graded,183050,2750,,,,Shipping-Normal,Lugia VSTAR #080/098 Paradigm Trigger Pokemon Card,39.99,https://chellacollectibles.com/images/img536.jpg,Missing grader descriptor | Missing grade descriptor
102,CHELLA-GRADED-IMG539,graded,183050,2750,,275010,275020,Shipping-Normal,Mew ex #151/165 151 PSA 10 Pokemon Card,39.99,https://chellacollectibles.com/images/img539.jpg,
103,CHELLA-GRADED-IMG542,graded,183050,2750,,275010,275020,Shipping-Normal,Jirachi V #025/067 Time Gazer PSA 10 Pokemon Card,49.99,https://chellacollectibles.com/images/img542.jpg,
104,CHELLA-GRADED-IMG543,graded,183050,2750,,275010,275020,Shipping-Normal,Charizard ex #115/190 Ruler of the Black Flame PSA 10 Pokemon Card,44.99,https://chellacollectibles.com/images/img543.jpg,
105,CHELLA-GRADED-IMG546,graded,183050,2750,,275010,275020,Shipping-Normal,Snorlax V #045/060 Shield PSA 10 Pokemon Card,54.99,https://chellacollectibles.com/images/img546.jpg,
106,CHELLA-GRADED-IMG547,graded,183050,2750,,275010,275020,Shipping-Normal,Alolan Ninetales #089/150 Ultra Shiny GX PSA 10 Pokemon Card,44.99,https://chellacollectibles.com/images/img547.jpg,
107,CHELLA-GRADED-IMG548,graded,183050,2750,,275010,275020,Shipping-Normal,Snorlax #126/184 VMAX Climax PSA 10 Pokemon Card,44.99,https://chellacollectibles.com/images/img548.jpg,
108,CHELLA-GRADED-IMG549,graded,183050,2750,,275010,275020,Shipping-Normal,Snorlax #058/071 Dark Phantasma PSA 10 Pokemon Card,39.99,https://chellacollectibles.com/images/img549.jpg,
109,CHELLA-GRADED-IMG550,graded,183050,2750,,275010,275020,Shipping-Normal,Eevee #245/SM-P GX Start Battle PSA 10 Pokemon Card,99.99,https://chellacollectibles.com/images/img550.jpg,
110,CHELLA-GRADED-IMG551,graded,183050,2750,,275010,275020,Shipping-Normal,Alolan Raichu #016/050 Ultradimensional Beasts PSA 10 Pokemon Card,49.99,https://chellacollectibles.com/images/img551.jpg,
111,CHELLA-GRADED-IMG552,graded,183050,2750,,275010,275020,Shipping-Normal,Mew #002/028 Celebrations 25 PSA 10 Pokemon Card,109.99,https://chellacollectibles.com/images/img552.jpg,
112,CHELLA-GRADED-IMG553,graded,183050,2750,,275010,275020,Shipping-Normal,Gengar #048/172 VSTAR Universe PSA 10 Pokemon Card,44.99,https://chellacollectibles.com/images/img553.jpg,
113,CHELLA-GRADED-IMG554,graded,183050,2750,,275010,275020,Shipping-Normal,Mew #037/095 Double Blaze PSA 10 Pokemon Card,74.99,https://chellacollectibles.com/images/img554.jpg,
114,CHELLA-GRADED-IMG555,graded,183050,2750,,275010,275020,Shipping-Normal,Mewtwo #054/173 Tag Team All Stars PSA 10 Pokemon Card,54.99,https://chellacollectibles.com/images/img555.jpg,
115,CHELLA-GRADED-IMG556,graded,183050,2750,,275010,275020,Shipping-Normal,Typhlosion #019/095 Super-Burst Impact PSA 10 Pokemon Card,49.99,https://chellacollectibles.com/images/img556.jpg,
116,CHELLA-GRADED-IMG557,graded,183050,2750,,275010,275020,Shipping-Normal,Charizard #017/184 VMAX Climax PSA 10 Pokemon Card,49.99,https://chellacollectibles.com/images/img557.jpg,
117,CHELLA-GRADED-IMG558,graded,183050,2750,,275010,275022,Shipping-Normal,Latios & Latias GX #060/095 Tag Bolt PSA 9 Pokemon Card,29.99,https://chellacollectibles.com/images/img558.jpg,
118,CHELLA-GRADED-IMG559,graded,183050,2750,,275010,275022,Shipping-Normal,Pikachu VMAX #046/184 VMAX Climax PSA 9 Pokemon Card,19.99,https://chellacollectibles.com/images/img559.jpg,
119,CHELLA-GRADED-IMG560,graded,183050,2750,,275010,275022,Shipping-Normal,Jolteon GX #013/038 Eevee GX Starter Set PSA 9 Pokemon Card,19.99,https://chellacollectibles.com/images/img560.jpg,
120,CHELLA-GRADED-IMG561,graded,183050,2750,,275010,275028,Shipping-Normal,Radiant Greninja #033/172 VSTAR Universe PSA 6 Pokemon Card,9.99,https://chellacollectibles.com/images/img561.jpg,
121,CHELLA-GRADED-IMG562,graded,183050,2750,,275010,275022,Shipping-Normal,Suicune #018/060 Thunderclap Spark PSA 9 Pokemon Card,14.99,https://chellacollectibles.com/images/img562.jpg,
122,CHELLA-GRADED-IMG563,graded,183050,2750,,275015,275020,Shipping-Normal,Latios #070/064 Paradise Dragona CGC 10 Pokemon Card,49.99,https://chellacollectibles.com/images/img563.jpg,
123,CHELLA-GRADED-IMG564,graded,183050,2750,,275015,275020,Shipping-Normal,Galarian Zapdos #188/172 VSTAR Universe CGC 10 Pokemon Card,29.99,https://chellacollectibles.com/images/img564.jpg,
124,CHELLA-GRADED-IMG565,graded,183050,2750,,275015,275020,Shipping-Normal,Wailord #103/100 Battle Partners CGC 10 Pokemon Card,29.99,https://chellacollectibles.com/images/img565.jpg,
125,CHELLA-GRADED-IMG566,graded,183050,2750,,275015,275020,Shipping-Normal,Phione #071/066 Crimson Haze CGC 10 Pokemon Card,29.99,https://chellacollectibles.com/images/img566.jpg,
126,CHELLA-GRADED-IMG567,graded,183050,2750,,275015,275020,Shipping-Normal,Jirachi GX #002/031 Tag Team GX Starter Deck CGC 10 Pokemon Card,59.99,https://chellacollectibles.com/images/img567.jpg,
127,CHELLA-GRADED-IMG568,graded,183050,2750,,275015,275020,Shipping-Normal,Vaporeon GX #007/038 Eevee GX Starter Set CGC 10 Pokemon Card,39.99,https://chellacollectibles.com/images/img568.jpg,
128,CHELLA-GRADED-IMG572,graded,183050,2750,,275015,275020,Shipping-Normal,Greninja Illustration #339/S-P Illustration Contest CGC 10 Pokemon Card,119.99,https://chellacollectibles.com/images/img572.jpg,
129,CHELLA-GRADED-IMG574,graded,183050,2750,,275015,275020,Shipping-Normal,Umbreon ex 093/187 Terastal Festival CGC 10 Pokemon Card,29.99,https://chellacollectibles.com/images/img574.jpg,
130,CHELLA-GRADED-IMG575,graded,183050,2750,,275015,275020,Shipping-Normal,Cresselia #071/064 Night Wanderer CGC 10 Pokemon Card,29.99,https://chellacollectibles.com/images/img575.jpg,
131,CHELLA-GRADED-IMG576,graded,183050,2750,,275015,275020,Shipping-Normal,Leafeon VSTAR #269/S-P SWSH Promos CGC 10 Pokemon Card,29.99,https://chellacollectibles.com/images/img576.jpg,
132,CHELLA-GRADED-IMG577,graded,183050,2750,,275015,275020,Shipping-Normal,Celebi VMAX #004/070 Jet-Black Spirit CGC 10 Pokemon Card,24.99,https://chellacollectibles.com/images/img577.jpg,
133,CHELLA-GRADED-IMG578,graded,183050,2750,,275015,275020,Shipping-Normal,Greninja V #014/053 Pikachu V Deck CGC 10 Pokemon Card,29.99,https://chellacollectibles.com/images/img578.jpg,
134,CHELLA-GRADED-IMG579,graded,183050,2750,,275015,275020,Shipping-Normal,Radiant Greninja #033/172 VSTAR Universe CGC 10 Pokemon Card,34.99,https://chellacollectibles.com/images/img579.jpg,
135,CHELLA-GRADED-IMG580,graded,183050,2750,,275015,275020,Shipping-Normal,Vaporeon #134/165 Pokeball Foil 151 CGC 10 Pokemon Card,19.99,https://chellacollectibles.com/images/img580.jpg,
136,CHELLA-GRADED-IMG581,graded,183050,2750,,275015,275020,Shipping-Normal,Snorlax #126/184 VMAX Climax CGC 10 Pokemon Card,29.99,https://chellacollectibles.com/images/img581.jpg,
137,CHELLA-GRADED-IMG582,graded,183050,2750,,275015,275020,Shipping-Normal,Mew #002/028 Celebrations 25 CGC 10 Pokemon Card,89.99,https://chellacollectibles.com/images/img582.jpg,
138,CHELLA-GRADED-IMG583,graded,183050,2750,,275015,275020,Shipping-Normal,Blastoise #023/095 Tag Bolt CGC 10 Pokemon Card,34.99,https://chellacollectibles.com/images/img583.jpg,
139,CHELLA-GRADED-IMG584,graded,183050,2750,,275015,275020,Shipping-Normal,Umbreon #070/108 Ruler of the Black Flame CGC 10 Pokemon Card,29.99,https://chellacollectibles.com/images/img584.jpg,
140,CHELLA-GRADED-IMG586,graded,183050,2750,,275015,275020,Shipping-Normal,Charizard #012/100 Amazing Volt Tackle CGC 10 Pokemon Card,29.99,https://chellacollectibles.com/images/img586.jpg,
141,CHELLA-GRADED-IMG587,graded,183050,2750,,275015,275020,Shipping-Normal,Jirachi #034/052 Dark Order CGC 10 Pokemon Card,24.99,https://chellacollectibles.com/images/img587.jpg,
142,CHELLA-GRADED-IMG588,graded,183050,2750,,275015,275020,Shipping-Normal,Eevee #031/SV-P SV Promos CGC 10 Pokemon Card,29.99,https://chellacollectibles.com/images/img588.jpg,
143,CHELLA-GRADED-IMG589,graded,183050,2750,,275015,275020,Shipping-Normal,Gyarados #028/095 Tag Bolt CGC 10 Pokemon Card,29.99,https://chellacollectibles.com/images/img589.jpg,
144,CHELLA-GRADED-IMG590,graded,183050,2750,,275015,275022,Shipping-Normal,Mischievous Pichu #214/S-P SWSH Promos CGC 9 Pokemon Card,34.99,https://chellacollectibles.com/images/img590.jpg,
145,CHELLA-GRADED-IMG598,graded,183050,2750,,275015,275020,Shipping-Normal,Poliwhirl #176/165 151 CGC 10 Pokemon Card,39.99,https://chellacollectibles.com/images/img598.jpg,
146,CHELLA-GRADED-IMG597,graded,183050,2750,,275015,275020,Shipping-Normal,Vaporeon #189/184 VMAX Climax CGC 10 Pokemon Card,24.99,https://chellacollectibles.com/images/img597.jpg,
147,CHELLA-GRADED-IMG599,graded,183050,2750,,275015,275020,Shipping-Normal,Vaporeon V #015/069 Eevee Heroes CGC 10 Pokemon Card,19.99,https://chellacollectibles.com/images/img599.jpg,
148,CHELLA-GRADED-IMG592,graded,183050,2750,,275015,275022,Shipping-Normal,Bulbasaur #166/165 151 CGC 9 Pokemon Card,29.99,https://chellacollectibles.com/images/img592.jpg,
149,CHELLA-GRADED-IMG593,graded,183050,2750,,275015,275022,Shipping-Normal,Venusaur VMAX #002/021 Venusaur VMAX Starter Set CGC 9 Pokemon Card,14.99,https://chellacollectibles.com/images/img593.jpg,
150,CHELLA-GRADED-IMG595,graded,183050,2750,,275015,275022,Shipping-Normal,Mewtwo #035/058 Incandescent Arcana CGC 9 Pokemon Card,14.99,https://chellacollectibles.com/images/img595.jpg,
151,CHELLA-GRADED-IMG596,graded,183050,2750,,275015,275021,Shipping-Normal,Mewtwo VSTAR #031/71 Pokemon GO CGC 9.5 Pokemon Card,14.99,https://chellacollectibles.com/images/img596.jpg,
152,CHELLA-GRADED-IMG475,graded,183050,2750,,275015,275022,Shipping-Normal,Toxtricity ex #215 Illustration Contest CGC 9 Pokemon Card,9.99,https://chellacollectibles.com/images/img475.jpg,
153,CHELLA-GRADED-IMG480,graded,183050,2750,,,,Shipping-Normal,Chansey Butterfree Pokemon Card,,https://chellacollectibles.com/images/img480.jpg|https://chellacollectibles.com/images/Bandai Sealdass,Missing grader descriptor | Missing grade descriptor
154,CHELLA-GRADED-IMG481,graded,183050,2750,,275015,275020,Shipping-Normal,Arbok ex #187/165 151 CGC 10 Pokemon Card,29.99,https://chellacollectibles.com/images/img481.jpg,
155,CHELLA-GRADED-IMG428,graded,183050,2750,,275015,275022,Shipping-Normal,Charizard VSTAR #SWSH262 SWSH Promos CGC 9 Pokemon Card,89.99,https://chellacollectibles.com/images/img428.jpg,
156,CHELLA-GRADED-IMG484,graded,183050,2750,,275015,275020,Shipping-Normal,Archaludon ex #241/191 Surging Sparks CGC 10 Pokemon Card,29.99,https://chellacollectibles.com/images/img484.jpg,
157,CHELLA-GRADED-IMG485,graded,183050,2750,,275015,275020,Shipping-Normal,Carmine #217/167 Twilight Masquerade CGC 10 Pokemon Card,119.99,https://chellacollectibles.com/images/img485.jpg,
158,CHELLA-GRADED-IMG486,graded,183050,2750,,275015,275021,Shipping-Normal,Toedscool #080/078 Violet ex CGC 9.5 Pokemon Card,9.99,https://chellacollectibles.com/images/img486.jpg,
159,CHELLA-GRADED-IMG487,graded,183050,2750,,275015,275020,Shipping-Normal,Bloodmoon Ursaluna ex 216/167 Twilight Masquerade CGC 10 Pokemon Card,59.99,https://chellacollectibles.com/images/img487.jpg,
160,CHELLA-GRADED-IMG488,graded,183050,2750,,275015,275020,Shipping-Normal,Origin Forme Dialga VSTAR #GG68/GG70 Crown Zenith CGC 10 Pokemon Card,149.99,https://chellacollectibles.com/images/img488.jpg,
161,CHELLA-GRADED-IMG489,graded,183050,2750,,275015,275020,Shipping-Normal,Team Rocket's Raticate #108/098 Glory of the Rocket Gang CGC 10 Pokemon Card,19.99,https://chellacollectibles.com/images/img489.jpg,
162,CHELLA-GRADED-IMG490,graded,183050,2750,,275015,275020,Shipping-Normal,Raichu 27/144 Skyridge CGC 10 Pokemon Card,174.99,https://chellacollectibles.com/images/img490.jpg,
163,CHELLA-GRADED-IMG491,graded,183050,2750,,275015,275021,Shipping-Normal,Heracross 6/111 Neo Genesis CGC 9.5 Pokemon Card,99.99,https://chellacollectibles.com/images/img491.jpg,
164,CHELLA-GRADED-IMG492,graded,183050,2750,,275015,275020,Shipping-Normal,Extra Rule #03 Vending Series CGC 10 Pokemon Card,69.99,https://chellacollectibles.com/images/img492.jpg,
165,CHELLA-GRADED-IMG493,graded,183050,2750,,,,Shipping-Normal,Drowzee Gastly Pokemon Card,,https://chellacollectibles.com/images/img493.jpg|https://chellacollectibles.com/images/Poliwag #03 - CGC 9.5,Missing grader descriptor | Missing grade descriptor
166,CHELLA-GRADED-IMG494,graded,183050,2750,,,,Shipping-Normal,Lapras Seadra Pokemon Card,,https://chellacollectibles.com/images/img494.jpg|https://chellacollectibles.com/images/Bandai Sealdass,Missing grader descriptor | Missing grade descriptor
167,CHELLA-GRADED-IMG495,graded,183050,2750,,275015,275022,Shipping-Normal,Marshtomp #010/ADV-P Shogakukan Elementary CGC 9 Pokemon Card,59.99,https://chellacollectibles.com/images/img495.jpg,
168,CHELLA-GRADED-IMG496,graded,183050,2750,,275015,275024,Shipping-Normal,Bronzong #TG11/TG30 Error Astral Radiance CGC 8 Pokemon Card,29.99,https://chellacollectibles.com/images/img496.jpg,
169,CHELLA-GRADED-IMG497,graded,183050,2750,,275015,275023,Shipping-Normal,Slowking #019/131 Holoshift Error Prismatic Evolutions CGC 8.5 Pokemon Card,99.99,https://chellacollectibles.com/images/img497.jpg,
170,CHELLA-GRADED-IMG498,graded,183050,2750,,275015,275020,Shipping-Normal,Lightning Energy #109/109 Reverse Holofoil Ruby & Sapphire CGC 10 Pokemon Card,74.99,https://chellacollectibles.com/images/img498.jpg,
171,CHELLA-GRADED-IMG499,graded,183050,2750,,275015,275024,Shipping-Normal,Burned Tower #078/080 1st Edition Reviving Legends CGC 8 Pokemon Card,29.99,https://chellacollectibles.com/images/img499.jpg,
172,CHELLA-GRADED-IMG500,graded,183050,2750,,275015,275020,Shipping-Normal,Poliwrath #13/102 Base CGC 10 Pokemon Card,329.99,https://chellacollectibles.com/images/img500.jpg,
173,CHELLA-GRADED-IMG501,graded,183050,2750,,275015,275026,Shipping-Normal,Alakazam #No. 065 Prism Holo Bandai Sealdass CGC 7 Pokemon Card,24.99,https://chellacollectibles.com/images/img501.jpg,
174,CHELLA-GRADED-IMG502,graded,183050,2750,,275015,275027,Shipping-Normal,Lt. Surge's Fearow #7/132 1st Edition Ink Error Gym Heroes CGC 6.5 Pokemon Card,124.99,https://chellacollectibles.com/images/img502.jpg,
175,CHELLA-GRADED-IMG503,graded,183050,2750,,275015,275022,Shipping-Normal,Cheryl 159/163 Battle Styles CGC 9 Pokemon Card,14.99,https://chellacollectibles.com/images/img503.jpg,
176,CHELLA-GRADED-IMG504,graded,183050,2750,,275015,275020,Shipping-Normal,Cynthia's Ambition #239/172 VSTAR Universe CGC 10 Pokemon Card,79.99,https://chellacollectibles.com/images/img504.jpg,
177,CHELLA-GRADED-IMG505,graded,183050,2750,,275015,275020,Shipping-Normal,Cynthia's Ambition #178/172 Brilliant Stars CGC 10 Pokemon Card,34.99,https://chellacollectibles.com/images/img505.jpg,
178,CHELLA-GRADED-IMG506,graded,183050,2750,,275016,275022,Shipping-Normal,Starmie #121 Holofoil Awakening Legends SGC 9 Pokemon Card,49.99,https://chellacollectibles.com/images/img506.jpg,
179,CHELLA-GRADED-IMG507,graded,183050,2750,,275016,275024,Shipping-Normal,Clefable #1/64 Jungle Set SGC 8 Pokemon Card,39.99,https://chellacollectibles.com/images/img507.jpg,
180,CHELLA-GRADED-IMG508,graded,183050,2750,,2750123,275020,Shipping-Normal,Staryu #004/034 Classic Collection AGS 10 Pokemon Card,9.99,https://chellacollectibles.com/images/img508.jpg,
181,CHELLA-GRADED-IMG509,graded,183050,2750,,2750123,275020,Shipping-Normal,Sandy Shocks ex #083/066 Ancient Roar AGS 10 Pokemon Card,19.99,https://chellacollectibles.com/images/img509.jpg,
182,CHELLA-GRADED-IMG510,graded,183050,2750,,2750123,275023,Shipping-Normal,Dark Magneton 28/82 Team Rocket AGS 8.5 Pokemon Card,9.99,https://chellacollectibles.com/images/img510.jpg,
183,CHELLA-GRADED-IMG511,graded,183050,2750,,2750123,275021,Shipping-Normal,Charmeleon #002/034 Classic Collection AGS 9.5 Pokemon Card,14.99,https://chellacollectibles.com/images/img511.jpg,
184,CHELLA-SINGLE-SINGLES-0001,single,183050,4000,400010,,,Shipping-Normal,Mega Charizard X ex #130 Phantasmal Flames Pokemon Card NM,349.99,https://chellacollectibles.com/images/singles_0001.jpg|https://chellacollectibles.com/images/singles_0002.jpg,
185,CHELLA-SINGLE-SINGLES-0003,single,183050,4000,400010,,,Shipping-Normal,Special Delivery Bidoof #SWSH177 SWSH Black Star Promos Pokemon Card NM,429.99,https://chellacollectibles.com/images/singles_0003.jpg|https://chellacollectibles.com/images/singles_0004.jpg,
186,CHELLA-SINGLE-SINGLES-0005,single,183050,4000,400013,,,Shipping-Normal,Reshiram-EX #95 Next Destinies Pokemon Card HP,69.99,https://chellacollectibles.com/images/singles_0005.jpg|https://chellacollectibles.com/images/singles_0006.jpg,
187,CHELLA-SINGLE-SINGLES-0007,single,183050,4000,400013,,,Shipping-Normal,Bianca #147 Boundaries Crossed Pokemon Card HP,99.99,https://chellacollectibles.com/images/singles_0007.jpg|https://chellacollectibles.com/images/singles_0008.jpg,
188,CHELLA-SINGLE-SINGLES-0009,single,183050,4000,400010,,,Shipping-Normal,Fossil Researcher #110 Furious Fists Pokemon Card NM,59.99,https://chellacollectibles.com/images/singles_0009.jpg|https://chellacollectibles.com/images/singles_0010.jpg,
189,CHELLA-SINGLE-SINGLES-0013,single,183050,4000,400010,,,Shipping-Normal,Escape Rope #163 Burning Shadows Pokemon Card NM,14.99,https://chellacollectibles.com/images/singles_0013.jpg|https://chellacollectibles.com/images/singles_0014.jpg,
190,CHELLA-SINGLE-SINGLES-0015,single,183050,4000,400010,,,Shipping-Normal,Goldeen #20 Masterball Foil Prismatic Evolutions Pokemon Card NM,4.99,https://chellacollectibles.com/images/singles_0015.jpg|https://chellacollectibles.com/images/singles_0016.jpg,
191,CHELLA-SINGLE-SINGLES-0019,single,183050,4000,400011,,,Shipping-Normal,Dark Tyranitar #20 Unlimited Normal Team Rocket Returns Pokemon Card LP,14.99,https://chellacollectibles.com/images/singles_0019.jpg|https://chellacollectibles.com/images/singles_0020.jpg,
192,CHELLA-SINGLE-SINGLES-0021,single,183050,4000,400012,,,Shipping-Normal,Dark Houndoom #37 Unlimited Normal Team Rocket Returns Pokemon Card MP,9.99,https://chellacollectibles.com/images/singles_0021.jpg|https://chellacollectibles.com/images/singles_0022.jpg,
193,CHELLA-SINGLE-SINGLES-0023,single,183050,4000,400012,,,Shipping-Normal,Dark Marowak #7 Team Rocket Returns Pokemon Card MP,3.99,https://chellacollectibles.com/images/singles_0023.jpg|https://chellacollectibles.com/images/singles_0024.jpg,
194,CHELLA-SINGLE-SINGLES-0025,single,183050,4000,400011,,,Shipping-Normal,Dark Magcargo #38 Unlimited Normal Team Rocket Returns Pokemon Card LP,2.99,https://chellacollectibles.com/images/singles_0025.jpg|https://chellacollectibles.com/images/singles_0026.jpg,
195,CHELLA-SINGLE-SINGLES-0027,single,183050,4000,400011,,,Shipping-Normal,Dark Magneton #39 Unlimited Normal Team Rocket Returns Pokemon Card LP,1.99,https://chellacollectibles.com/images/singles_0027.jpg|https://chellacollectibles.com/images/singles_0028.jpg,
196,CHELLA-SINGLE-SINGLES-0029,single,183050,4000,400010,,,Shipping-Normal,Dark Flaaffy #33 Unlimited Normal Team Rocket Returns Pokemon Card NM,7.99,https://chellacollectibles.com/images/singles_0029.jpg|https://chellacollectibles.com/images/singles_0030.jpg,
197,CHELLA-SINGLE-SINGLES-0031,single,183050,4000,400010,,,Shipping-Normal,Dark Weezing #42 Unlimited Normal Team Rocket Returns Pokemon Card NM,2.99,https://chellacollectibles.com/images/singles_0031.jpg|https://chellacollectibles.com/images/singles_0032.jpg,
198,CHELLA-SINGLE-SINGLES-0033,single,183050,4000,400013,,,Shipping-Normal,Dark Houndoom #37 Unlimited Normal Team Rocket Returns Pokemon Card DMG,6.99,https://chellacollectibles.com/images/singles_0033.jpg|https://chellacollectibles.com/images/singles_0034.jpg,
199,CHELLA-SINGLE-SINGLES-0035,single,183050,4000,400010,,,Shipping-Normal,Lightning Energy #109 Reverse Holo Ruby & Sapphire Pokemon Card NM,7.99,https://chellacollectibles.com/images/singles_0035.jpg|https://chellacollectibles.com/images/singles_0036.jpg,
200,CHELLA-SINGLE-SINGLES-0037,single,183050,4000,400011,,,Shipping-Normal,Lightning Energy #106 Holofoil Power Keepers Pokemon Card LP,5.99,https://chellacollectibles.com/images/singles_0037.jpg|https://chellacollectibles.com/images/singles_0038.jpg,
201,CHELLA-SINGLE-SINGLES-0039,single,183050,4000,400012,,,Shipping-Normal,Water Energy #107 Holofoil Holon Phantoms Pokemon Card MP,4.99,https://chellacollectibles.com/images/singles_0039.jpg|https://chellacollectibles.com/images/singles_0040.jpg,
202,CHELLA-SINGLE-SINGLES-0041,single,183050,4000,400012,,,Shipping-Normal,Water Energy #107 Holofoil Holon Phantoms Pokemon Card MP,4.99,https://chellacollectibles.com/images/singles_0041.jpg|https://chellacollectibles.com/images/singles_0042.jpg,
203,CHELLA-SINGLE-SINGLES-0043,single,183050,4000,400011,,,Shipping-Normal,Water Energy #107 Holofoil Holon Phantoms Pokemon Card LP,6.99,https://chellacollectibles.com/images/singles_0043.jpg|https://chellacollectibles.com/images/singles_0044.jpg,
204,CHELLA-SINGLE-SINGLES-0045,single,183050,4000,400011,,,Shipping-Normal,Fire Energy #104 Holofoil Power Keepers Pokemon Card LP,6.99,https://chellacollectibles.com/images/singles_0045.jpg|https://chellacollectibles.com/images/singles_0046.jpg,
205,CHELLA-SINGLE-SINGLES-0047,single,183050,4000,400012,,,Shipping-Normal,Psychic Energy #109 Holofoil Holon Phantoms Pokemon Card MP,5.99,https://chellacollectibles.com/images/singles_0047.jpg|https://chellacollectibles.com/images/singles_0048.jpg,
206,CHELLA-SINGLE-SINGLES-0049,single,183050,4000,400010,,,Shipping-Normal,Empoleon V #145 Battle Styles Pokemon Card NM,5.99,https://chellacollectibles.com/images/singles_0049.jpg|https://chellacollectibles.com/images/singles_0050.jpg,
207,CHELLA-SINGLE-SINGLES-0051,single,183050,4000,400010,,,Shipping-Normal,Charizard #13 Reverse Holo Tag Bolt Pokemon Card NM,11.99,https://chellacollectibles.com/images/singles_0051.jpg|https://chellacollectibles.com/images/singles_0052.jpg,
208,CHELLA-SINGLE-SINGLES-0053,single,183050,4000,400010,,,Shipping-Normal,Charizard #13 Reverse Holo Tag Bolt Pokemon Card NM,11.99,https://chellacollectibles.com/images/singles_0053.jpg|https://chellacollectibles.com/images/singles_0054.jpg,
209,CHELLA-SINGLE-SINGLES-0055,single,183050,4000,400010,,,Shipping-Normal,Eevee #100/S-P Start Battle Pokemon Card NM,7.99,https://chellacollectibles.com/images/singles_0055.jpg|https://chellacollectibles.com/images/singles_0056.jpg,
210,CHELLA-SINGLE-SINGLES-0057,single,183050,4000,400010,,,Shipping-Normal,Eevee #100/S-P Start Battle Pokemon Card NM,7.99,https://chellacollectibles.com/images/singles_0057.jpg|https://chellacollectibles.com/images/singles_0058.jpg,
211,CHELLA-SINGLE-SINGLES-0059,single,183050,4000,400011,,,Shipping-Normal,Poliwrath #62 Topps Chrome Pokemon Card LP,9.99,https://chellacollectibles.com/images/singles_0059.jpg|https://chellacollectibles.com/images/singles_0060.jpg,
212,CHELLA-SINGLE-SINGLES-0061,single,183050,4000,400010,,,Shipping-Normal,Drowzee #96 Topps Chrome Pokemon Card NM,14.99,https://chellacollectibles.com/images/singles_0061.jpg|https://chellacollectibles.com/images/singles_0062.jpg,
213,CHELLA-SINGLE-SINGLES-0063,single,183050,4000,400011,,,Shipping-Normal,Venonat #48 Topps Chrome Pokemon Card LP,9.99,https://chellacollectibles.com/images/singles_0063.jpg|https://chellacollectibles.com/images/singles_0064.jpg,
214,CHELLA-SINGLE-SINGLES-0065,single,183050,4000,400010,,,Shipping-Normal,Grimer #88 Topps Chrome Pokemon Card NM,14.99,https://chellacollectibles.com/images/singles_0065.jpg|https://chellacollectibles.com/images/singles_0066.jpg,
215,CHELLA-SINGLE-SINGLES-0067,single,183050,4000,400010,,,Shipping-Normal,Ekans #23 Spectra Chrome Topps Chrome Pokemon Card NM,19.99,https://chellacollectibles.com/images/singles_0067.jpg|https://chellacollectibles.com/images/singles_0068.jpg,
216,CHELLA-SINGLE-SINGLES-0069,single,183050,4000,400011,,,Shipping-Normal,Dugtrio #51 Topps Pokemon Card LP,4.99,https://chellacollectibles.com/images/singles_0069.jpg|https://chellacollectibles.com/images/singles_0070.jpg,
217,CHELLA-SINGLE-SINGLES-0071,single,183050,4000,400010,,,Shipping-Normal,Ekans #23 Topps Pokemon Card NM,4.99,https://chellacollectibles.com/images/singles_0071.jpg|https://chellacollectibles.com/images/singles_0072.jpg,
218,CHELLA-SINGLE-SINGLES-0073,single,183050,4000,400010,,,Shipping-Normal,Rapidash #078 Bandai Pokemon Card NM,6.99,https://chellacollectibles.com/images/singles_0073.jpg|https://chellacollectibles.com/images/singles_0074.jpg,
219,CHELLA-SINGLE-SINGLES-0075,single,183050,4000,400010,,,Shipping-Normal,Kadabra #064 Bandai Pokemon Card NM,9.99,https://chellacollectibles.com/images/singles_0075.jpg|https://chellacollectibles.com/images/singles_0076.jpg,
220,CHELLA-SINGLE-SINGLES-0077,single,183050,4000,400012,,,Shipping-Normal,Poliwrath #062 Green Back Topsun Pokemon Card MP,6.99,https://chellacollectibles.com/images/singles_0077.jpg|https://chellacollectibles.com/images/singles_0078.jpg,
221,CHELLA-SINGLE-SINGLES-0079,single,183050,4000,400010,,,Shipping-Normal,Tornadus EX #230/BW-P Battle Boost Pokemon Card NM,24.99,https://chellacollectibles.com/images/singles_0079.jpg|https://chellacollectibles.com/images/singles_0080.jpg,
222,CHELLA-SINGLE-SINGLES-0083,single,183050,4000,400010,,,Shipping-Normal,Terrakion #030 Reverse Holofoil Waku Waku Battle Pokemon Card NM,14.99,https://chellacollectibles.com/images/singles_0083.jpg|https://chellacollectibles.com/images/singles_0084.jpg,
223,CHELLA-SINGLE-SINGLES-0085,single,183050,4000,400011,,,Shipping-Normal,Electabuzz #095 Reverse Holofoil Galactic Conquest Pokemon Card LP,14.99,https://chellacollectibles.com/images/singles_0085.jpg|https://chellacollectibles.com/images/singles_0086.jpg,
224,CHELLA-SINGLE-SINGLES-0087,single,183050,4000,400010,,,Shipping-Normal,Luxio #103/BW-P Psycho Drive Hail Blizzard Pokemon Card NM,7.99,https://chellacollectibles.com/images/singles_0087.jpg|https://chellacollectibles.com/images/singles_0088.jpg,
225,CHELLA-SINGLE-SINGLES-0089,single,183050,4000,400010,,,Shipping-Normal,Dedenne #013/XY-P XY Promos Pokemon Card NM,9.99,https://chellacollectibles.com/images/singles_0089.jpg|https://chellacollectibles.com/images/singles_0090.jpg,
226,CHELLA-SINGLE-SINGLES-0091,single,183050,4000,400010,,,Shipping-Normal,Lilligant #062/BW-P Kids Special Toy Pokemon Card NM,4.99,https://chellacollectibles.com/images/singles_0091.jpg|https://chellacollectibles.com/images/singles_0092.jpg,
227,CHELLA-SINGLE-SINGLES-0099,single,183050,4000,400010,,,Shipping-Normal,Aroma Lady #081/063 Rainbow Eevee Heroes Pokemon Card NM,4.99,https://chellacollectibles.com/images/singles_0099.jpg|https://chellacollectibles.com/images/singles_0100.jpg,
228,CHELLA-SINGLE-SINGLES-0101,single,183050,4000,400010,,,Shipping-Normal,Charizard #013 Reverse Holofoil Tag Bolt Pokemon Card NM,11.99,https://chellacollectibles.com/images/singles_0101.jpg|https://chellacollectibles.com/images/singles_0102.jpg,
229,CHELLA-SINGLE-SINGLES-0103,single,183050,4000,400012,,,Shipping-Normal,Pokemon Reversal #87 Reverse Holo Ruby & Sapphire Pokemon Card MP,2.99,https://chellacollectibles.com/images/singles_0103.jpg|https://chellacollectibles.com/images/singles_0104.jpg,
230,CHELLA-SINGLE-SINGLES-0105,single,183050,4000,400010,,,Shipping-Normal,Professor Birch #89 Reverse Holo Ruby & Sapphire Pokemon Card NM,3.99,https://chellacollectibles.com/images/singles_0105.jpg|https://chellacollectibles.com/images/singles_0106.jpg,
231,CHELLA-SINGLE-SINGLES-0107,single,183050,4000,400010,,,Shipping-Normal,Energy Restore #81 Reverse Holo Ruby & Sapphire Pokemon Card NM,2.99,https://chellacollectibles.com/images/singles_0107.jpg|https://chellacollectibles.com/images/singles_0108.jpg,
232,CHELLA-SINGLE-SINGLES-0109,single,183050,4000,400012,,,Shipping-Normal,Rayquaza #215/XY-P XY Promos Pokemon Card MP,49.99,https://chellacollectibles.com/images/singles_0109.jpg|https://chellacollectibles.com/images/singles_0110.jpg,
233,CHELLA-SINGLE-SINGLES-0111,single,183050,4000,400010,,,Shipping-Normal,Tealmask Ogerpon ex #234/187 Gold Rares Terastal Festival Pokemon Card NM,5.99,https://chellacollectibles.com/images/singles_0111.jpg|https://chellacollectibles.com/images/singles_0112.jpg,
234,CHELLA-SINGLE-SINGLES-0113,single,183050,4000,400010,,,Shipping-Normal,Bianca's Devotion #197 Temporal Forces Pokemon Card NM,3.99,https://chellacollectibles.com/images/singles_0113.jpg|https://chellacollectibles.com/images/singles_0114.jpg,
235,CHELLA-SINGLE-SINGLES-0115,single,183050,4000,400010,,,Shipping-Normal,Janine's Secret Art #88 Shrouded Fable Pokemon Card NM,2.99,https://chellacollectibles.com/images/singles_0115.jpg|https://chellacollectibles.com/images/singles_0116.jpg,
236,CHELLA-SINGLE-SINGLES-0117,single,183050,4000,400010,,,Shipping-Normal,Arven's Mabostiff ex #081/063 Heatwave Arena Pokemon Card NM,2.99,https://chellacollectibles.com/images/singles_0117.jpg|https://chellacollectibles.com/images/singles_0118.jpg,
237,CHELLA-SINGLE-SINGLES-0119,single,183050,4000,400010,,,Shipping-Normal,Keldeo ex #161/086 White Flare Pokemon Card NM,2.99,https://chellacollectibles.com/images/singles_0119.jpg|https://chellacollectibles.com/images/singles_0120.jpg,
238,CHELLA-SINGLE-SINGLES-0121,single,183050,4000,400010,,,Shipping-Normal,Thundurus #244/190 Shiny Treasure Pokemon Card NM,1.99,https://chellacollectibles.com/images/singles_0121.jpg|https://chellacollectibles.com/images/singles_0122.jpg,
239,CHELLA-SINGLE-SINGLES-0123,single,183050,4000,400010,,,Shipping-Normal,Electrike #073/063 Heatwave Arena Pokemon Card NM,1.99,https://chellacollectibles.com/images/singles_0123.jpg|https://chellacollectibles.com/images/singles_0124.jpg,
240,CHELLA-SINGLE-SINGLES-0125,single,183050,4000,400010,,,Shipping-Normal,Electrike #073/063 Heatwave Arena Pokemon Card NM,1.99,https://chellacollectibles.com/images/singles_0125.jpg|https://chellacollectibles.com/images/singles_0126.jpg,
241,CHELLA-SINGLE-SINGLES-0127,single,183050,4000,400010,,,Shipping-Normal,Houndoom #066/064 Night Wanderer Pokemon Card NM,9.99,https://chellacollectibles.com/images/singles_0127.jpg|https://chellacollectibles.com/images/singles_0128.jpg,
242,CHELLA-SINGLE-SINGLES-0129,single,183050,4000,400010,,,Shipping-Normal,Simisear #099/086 Black Bolt Pokemon Card NM,9.99,https://chellacollectibles.com/images/singles_0129.jpg|https://chellacollectibles.com/images/singles_0130.jpg,
243,CHELLA-SINGLE-SINGLES-0131,single,183050,4000,400010,,,Shipping-Normal,Lycanroc #107/100 Battle Partners Pokemon Card NM,2.99,https://chellacollectibles.com/images/singles_0131.jpg|https://chellacollectibles.com/images/singles_0132.jpg,
244,CHELLA-SINGLE-SINGLES-0133,single,183050,4000,400010,,,Shipping-Normal,Joltik #108/102 Stellar Miracle Pokemon Card NM,3.99,https://chellacollectibles.com/images/singles_0133.jpg|https://chellacollectibles.com/images/singles_0134.jpg,
245,CHELLA-SINGLE-SINGLES-0135,single,183050,4000,400010,,,Shipping-Normal,Raboot #106/102 Stellar Miracle Pokemon Card NM,2.99,https://chellacollectibles.com/images/singles_0135.jpg|https://chellacollectibles.com/images/singles_0136.jpg,
246,CHELLA-SINGLE-SINGLES-0137,single,183050,4000,400010,,,Shipping-Normal,Raboot #106/102 Stellar Miracle Pokemon Card NM,2.99,https://chellacollectibles.com/images/singles_0137.jpg|https://chellacollectibles.com/images/singles_0138.jpg,
247,CHELLA-SINGLE-SINGLES-0139,single,183050,4000,400010,,,Shipping-Normal,Houndstone 073/063 Mega Symphonia Pokemon Card NM,2.99,https://chellacollectibles.com/images/singles_0139.jpg|https://chellacollectibles.com/images/singles_0140.jpg,
248,CHELLA-SINGLE-SINGLES-0141,single,183050,4000,400010,,,Shipping-Normal,Archaludon #113/102 Stellar Miracle Pokemon Card NM,2.99,https://chellacollectibles.com/images/singles_0141.jpg|https://chellacollectibles.com/images/singles_0142.jpg,
249,CHELLA-SINGLE-SINGLES-0143,single,183050,4000,400010,,,Shipping-Normal,Garganacl #070/063 Mega Brave Pokemon Card NM,1.99,https://chellacollectibles.com/images/singles_0143.jpg|https://chellacollectibles.com/images/singles_0144.jpg,
250,CHELLA-SINGLE-SINGLES-0145,single,183050,4000,400010,,,Shipping-Normal,Orthworm #081/071 Snow Hazard Pokemon Card NM,2.99,https://chellacollectibles.com/images/singles_0145.jpg|https://chellacollectibles.com/images/singles_0146.jpg,
251,CHELLA-SINGLE-SINGLES-0147,single,183050,4000,400010,,,Shipping-Normal,Spearow #074/063 Mega Brave Pokemon Card NM,2.99,https://chellacollectibles.com/images/singles_0147.jpg|https://chellacollectibles.com/images/singles_0148.jpg,
252,CHELLA-SINGLE-SINGLES-0149,single,183050,4000,400010,,,Shipping-Normal,Mr. Mime #179/165 151 Pokemon Card NM,3.99,https://chellacollectibles.com/images/singles_0149.jpg|https://chellacollectibles.com/images/singles_0150.jpg,
253,CHELLA-SINGLE-SINGLES-0151,single,183050,4000,400010,,,Shipping-Normal,Floragato #076/073 Triple Beat Pokemon Card NM,6.99,https://chellacollectibles.com/images/singles_0151.jpg|https://chellacollectibles.com/images/singles_0152.jpg,
254,CHELLA-SINGLE-SINGLES-0153,single,183050,4000,400010,,,Shipping-Normal,Floragato #076/073 Triple Beat Pokemon Card NM,6.99,https://chellacollectibles.com/images/singles_0153.jpg|https://chellacollectibles.com/images/singles_0154.jpg,
255,CHELLA-SINGLE-SINGLES-0155,single,183050,4000,400010,,,Shipping-Normal,Tangela #178/165 151 Pokemon Card NM,2.99,https://chellacollectibles.com/images/singles_0155.jpg|https://chellacollectibles.com/images/singles_0156.jpg,
256,CHELLA-SINGLE-SINGLES-0157,single,183050,4000,400010,,,Shipping-Normal,Manaphy 178/172 VSTAR Universe Pokemon Card NM,2.99,https://chellacollectibles.com/images/singles_0157.jpg|https://chellacollectibles.com/images/singles_0158.jpg,
257,CHELLA-SINGLE-SINGLES-0159,single,183050,4000,400011,,,Shipping-Normal,Zigzagoon #89 Topps Advanced Pokemon Card LP,4.99,https://chellacollectibles.com/images/singles_0159.jpg|https://chellacollectibles.com/images/singles_0160.jpg,
258,CHELLA-SINGLE-SINGLES-0161,single,183050,4000,400013,,,Shipping-Normal,Clefable #41 Unlimited Normal Expedition Base Set Pokemon Card DMG,0.99,https://chellacollectibles.com/images/singles_0161.jpg|https://chellacollectibles.com/images/singles_0162.jpg,
259,CHELLA-SINGLE-SINGLES-0163,single,183050,4000,400013,,,Shipping-Normal,Kadabra #84 Unlimited Normal Expedition Base Set Pokemon Card DMG,0.99,https://chellacollectibles.com/images/singles_0163.jpg|https://chellacollectibles.com/images/singles_0164.jpg,
260,CHELLA-SINGLE-SINGLES-0165,single,183050,4000,400013,,,Shipping-Normal,Abra #93 Unlimited Normal Expedition Base Set Pokemon Card DMG,0.99,https://chellacollectibles.com/images/singles_0165.jpg|https://chellacollectibles.com/images/singles_0166.jpg,
261,CHELLA-SINGLE-SINGLES-0167,single,183050,4000,400013,,,Shipping-Normal,Abra #93 Unlimited Normal Expedition Base Set Pokemon Card DMG,0.99,https://chellacollectibles.com/images/singles_0167.jpg|https://chellacollectibles.com/images/singles_0168.jpg,
262,CHELLA-SINGLE-SINGLES-0169,single,183050,4000,400010,,,Shipping-Normal,Doduo #73 Unlimited Normal Aquapolis Pokemon Card NM,2.99,https://chellacollectibles.com/images/singles_0169.jpg|https://chellacollectibles.com/images/singles_0170.jpg,
263,CHELLA-SINGLE-SINGLES-0171,single,183050,4000,400010,,,Shipping-Normal,Juggler #126 Unlimited Normal Aquapolis Pokemon Card NM,1.99,https://chellacollectibles.com/images/singles_0171.jpg|https://chellacollectibles.com/images/singles_0172.jpg,
264,CHELLA-SINGLE-SINGLES-0173,single,183050,4000,400010,,,Shipping-Normal,Charmander δ #49 Unlimited Normal Crystal Guardians Pokemon Card NM,4.99,https://chellacollectibles.com/images/singles_0173.jpg|https://chellacollectibles.com/images/singles_0174.jpg,
265,CHELLA-SINGLE-SINGLES-0175,single,183050,4000,400010,,,Shipping-Normal,Togepi δ #41 Unlimited Normal Dragon Frontiers Pokemon Card NM,4.99,https://chellacollectibles.com/images/singles_0175.jpg|https://chellacollectibles.com/images/singles_0176.jpg,
266,CHELLA-SINGLE-SINGLES-0177,single,183050,4000,400012,,,Shipping-Normal,Kingler δ #22 Unlimited Normal Crystal Guardians Pokemon Card MP,1.99,https://chellacollectibles.com/images/singles_0177.jpg|https://chellacollectibles.com/images/singles_0178.jpg,
267,CHELLA-SINGLE-SINGLES-0179,single,183050,4000,400011,,,Shipping-Normal,Pelipper δ #14 Unlimited Normal POP Series 5 Pokemon Card LP,0.99,https://chellacollectibles.com/images/singles_0179.jpg|https://chellacollectibles.com/images/singles_0180.jpg,
268,CHELLA-SINGLE-SINGLES-0181,single,183050,4000,400012,,,Shipping-Normal,Pidgeotto δ #49 Unlimited Normal Holon Phantoms Pokemon Card MP,1.99,https://chellacollectibles.com/images/singles_0181.jpg|https://chellacollectibles.com/images/singles_0182.jpg,
269,CHELLA-SINGLE-SINGLES-0183,single,183050,4000,400011,,,Shipping-Normal,Meowth δ #11 POP Series 5 Pokemon Card LP,9.99,https://chellacollectibles.com/images/singles_0183.jpg|https://chellacollectibles.com/images/singles_0184.jpg,
270,CHELLA-SINGLE-SINGLES-0185,single,183050,4000,400013,,,Shipping-Normal,Mareep #58 Unlimited Neo Discovery Pokemon Card DMG,0.99,https://chellacollectibles.com/images/singles_0185.jpg|https://chellacollectibles.com/images/singles_0186.jpg,
271,CHELLA-SINGLE-SINGLES-0187,single,183050,4000,400013,,,Shipping-Normal,Arcanine #23 Base Pokemon Card DMG,0.99,https://chellacollectibles.com/images/singles_0187.jpg|https://chellacollectibles.com/images/singles_0188.jpg,
272,CHELLA-SINGLE-SINGLES-0189,single,183050,4000,400012,,,Shipping-Normal,Gastly #50 Base Pokemon Card MP,0.99,https://chellacollectibles.com/images/singles_0189.jpg|https://chellacollectibles.com/images/singles_0190.jpg,
273,CHELLA-SINGLE-SINGLES-0191,single,183050,4000,400013,,,Shipping-Normal,Zekrom #51 Unlimited Holofoil Legendary Treasures Pokemon Card HP,1.99,https://chellacollectibles.com/images/singles_0191.jpg|https://chellacollectibles.com/images/singles_0192.jpg,
